id_ppss,nom,prenom,code_mode_exercice,categorie_audit,adresse_current,code_postal_current,commune_current,departement_current,region_current,correction_type,suggested_adresse,suggested_code_postal,suggested_commune,suggested_departement,suggested_region,confidence,source,source_url,source_snippet,search_query,status,notes,confidence_recherche,score,search_status,search_provider,source_nom,source_adresse,source_code_postal,source_commune,source_departement,source_region,source_siren,source_activite,source_rank,source_match_reason,review_reasons
10100383040,ABBOUD,SHERINE,,mode_vide_adresse_departement_vides,,,,,,adresse_to_search,,,,,,ambigu,to_verify_external_search,https://monsuivimedical.fr/praticien/neurologue-sherine-abboud,"Docteur ABBOUD SHERINE, neurologue à . Trouvez ses coordonnées, localisation et confrères à proximité sur MonSuiviMédical.",ABBOUD SHERINE neurologue,to_verify,Aucune suggestion déterministe ; recherche externe requise.,non_sure,55,non_sure,duckduckgo,Docteur ABBOUD SHERINE — Neurologue à | MonSuiviMédical,,,,,,,,4,nom concordant (2/2); profession neurologue détectée,pas_adresse_extraite;localite_absente;annuaire_medical
10101035607,AMROM,DINA,,mode_vide_adresse_departement_vides,,,,,,adresse_to_search,,,,,,ambigu,to_verify_external_search,https://www.chl.lu/fr/docteur-amrom-dina,"Intérêts particuliers : Troubles du développement Troubles des mouvements Malformations cérébrales Epilepsie Neurogénétique Recherche clinique Auteur et coauteur de publications scientifiques dont plusieurs ont un grand impact, et de nombreuses communications scientifiques par affiches et orales dans des journées et congrès nationaux et internationaux.",AMROM DINA neurologue,to_verify,Aucune suggestion déterministe ; recherche externe requise.,non_sure,55,non_sure,duckduckgo,Docteur Dina Amrom - CHL,,,,,,,,1,nom concordant (2/2); profession neurologue détectée,pas_adresse_extraite;localite_absente;source_etrangere_ou_hors_france;source_non_referencee
10001896512,BACRI-NADIM,DANIELE,,mode_vide_adresse_departement_vides,,,,,,adresse_to_search,,,,,,ambigu,to_verify_external_search,https://www.mablouseblanche.fr/pro/A10001896512/docteur-bacri-nadim-daniele-neurologie,"Prenez rendez-vous avec Dr Daniele BACRI-NADIM, Neurologue à en ligne. Adresse et Téléphone : ---",BACRI-NADIM DANIELE neurologue,to_verify,Aucune suggestion déterministe ; recherche externe requise.,non_sure,55,non_sure,duckduckgo,"Prendre RDV : Dr Daniele BACRI-NADIM, Neurologue à",,,,,,,,1,nom concordant (2/2); profession neurologue détectée,pas_adresse_extraite;localite_absente;annuaire_medical
10000351402,BAKCHINE,Serge,,mode_vide_adresse_departement_vides,,,,,,adresse_to_search,,,,,,ambigu,to_verify_external_search,https://www.medisite.fr/expert-docteur-serge-bakchine,"Docteur Serge Bakchine , expert Neurologue (chef du département du service de neurologie) pour Medisite.fr, valide les contenus de nos journalistes",BAKCHINE Serge neurologue,to_verify,Aucune suggestion déterministe ; recherche externe requise.,non_sure,55,non_sure,duckduckgo,Docteur Serge Bakchine - Medisite,,,,,,,,1,nom concordant (2/2); profession neurologue détectée,pas_adresse_extraite;localite_absente;source_non_referencee
10002338399,BARROCHE,GERARD,,mode_vide_adresse_departement_vides,,,,,,adresse_to_search,,,,,,ambigu,to_verify_external_search,https://fr.linkedin.com/in/gérard-barroche-6a496b64,"Professeur émérite de neurologie · Formation : Assistance publique Hôpitaux de Paris · Lieu : Nancy · 90 relations sur LinkedIn. Consultez le profil de Gérard Barroche sur LinkedIn, une communauté professionnelle d'un milliard de membres.",BARROCHE GERARD neurologue,to_verify,Aucune suggestion déterministe ; recherche externe requise.,non_sure,35,non_sure,duckduckgo,Gérard Barroche - Professeur émérite de neurologie | LinkedIn,,,,,,,,5,nom partiel (1/2); profession neurologue détectée,pas_adresse_extraite;localite_absente;score_faible;nom_partiel;source_non_referencee
10003850772,BASTARD,JEAN,,mode_vide_adresse_departement_vides,,,,,,adresse_to_search,,,,,,ambigu,to_verify_external_search,https://www.medecinfrance.com/medecin/medecin-bastard-jean-83085.htm,"Découvrez tout ce que vous devez savoir sur le docteur BASTARD JEAN, ses spécialités, coordonnées, horaires de travail, recommandations des patients...",BASTARD JEAN neurologue,to_verify,Aucune suggestion déterministe ; recherche externe requise.,non_sure,55,non_sure,duckduckgo,Docteur BASTARD JEAN Neurologue à MONT DE MARSAN - Médecin en France,,,,,,,,1,nom concordant (2/2); profession neurologue détectée,pas_adresse_extraite;localite_absente;annuaire_medical
10003271169,BEDOUCHA,PIERRE,,mode_vide_adresse_departement_vides,,,,,,adresse_to_search,,,,,,ambigu,to_verify_external_search,https://www.mablouseblanche.fr/pro/A10003271169/docteur-bedoucha-pierre-neurologie,"Présentation : Neurologue Dr Pierre BEDOUCHA (Neurologue) exerce son activité à 1 adresse : - , La neurologie est une spécialité médicale centrée sur l'étude et le traitement des pathologies et affections pouvant toucher le système nerveux central constitué du cerveau et de la moelle épinière ou le système nerveux périphérique constitué de racines et des nerfs.",BEDOUCHA PIERRE neurologue,to_verify,Aucune suggestion déterministe ; recherche externe requise.,non_sure,55,non_sure,duckduckgo,"PRENEZ RDV : Dr Pierre BEDOUCHA, Neurologue à - Mablouseblanche",,,,,,,,1,nom concordant (2/2); profession neurologue détectée,pas_adresse_extraite;localite_absente;annuaire_medical
10001656973,BELLANCE,Remi,,mode_vide_adresse_departement_vides,,,,,,adresse_to_search,,,,,,ambigu,to_verify_external_search,https://www.mablouseblanche.fr/pro/A10001656973/docteur-bellance-remi-neurologie,"Prenez rendez-vous avec Dr Remi BELLANCE, Neurologue à en ligne. Adresse et Téléphone : ---",BELLANCE Remi neurologue,to_verify,Aucune suggestion déterministe ; recherche externe requise.,non_sure,55,non_sure,duckduckgo,"Prendre RDV : Dr Remi BELLANCE, Neurologue à - Mablouseblanche",,,,,,,,3,nom concordant (2/2); profession neurologue détectée,pas_adresse_extraite;localite_absente;annuaire_medical
10002534211,BERNAT-VIALLET,CHANTAL,,mode_vide_adresse_departement_vides,,,,,,adresse_to_search,,,,,,ambigu,to_verify_external_search,https://www.mablouseblanche.fr/pro/A10002534211/docteur-bernat-viallet-chantal-neurologie,"Présentation : Neurologue Dr Chantal BERNAT-VIALLET (Neurologue) exerce son activité à 1 adresse : - , La neurologie est une spécialité médicale centrée sur l'étude et le traitement des pathologies et affections pouvant toucher le système nerveux central constitué du cerveau et de la moelle épinière ou le système nerveux périphérique constitué de racines et des nerfs.",BERNAT-VIALLET CHANTAL neurologue,to_verify,Aucune suggestion déterministe ; recherche externe requise.,non_sure,55,non_sure,duckduckgo,"PRENEZ RDV : Dr Chantal BERNAT-VIALLET, Neurologue à",,,,,,,,1,nom concordant (2/2); profession neurologue détectée,pas_adresse_extraite;localite_absente;annuaire_medical
10001407435,BOLLER,FRANCOIS,,mode_vide_adresse_departement_vides,,,,,,adresse_to_search,,,,,,ambigu,to_verify_external_search,https://www.mablouseblanche.fr/pro/A10001407435/docteur-boller-francois-neurologie,"Prenez rendez-vous avec Dr Francois BOLLER, Neurologue à en ligne. Adresse et Téléphone : ---",BOLLER FRANCOIS neurologue,to_verify,Aucune suggestion déterministe ; recherche externe requise.,non_sure,55,non_sure,duckduckgo,"Prendre RDV : Dr Francois BOLLER, Neurologue à - Mablouseblanche",,,,,,,,1,nom concordant (2/2); profession neurologue détectée,pas_adresse_extraite;localite_absente;annuaire_medical
10000398882,BRISSAUD-VINCENT,ETIENNE,,mode_vide_adresse_departement_vides,,,,,,adresse_to_search,,,,,,ambigu,to_verify_external_search,https://www.medecinfrance.com/medecin/medecin-brissaud-vincent-etienne-83841.htm,"Découvrez tout ce que vous devez savoir sur le docteur BRISSAUD-VINCENT ETIENNE, ses spécialités, coordonnées, horaires de travail, recommandations des patients...",BRISSAUD-VINCENT ETIENNE neurologue,to_verify,Aucune suggestion déterministe ; recherche externe requise.,non_sure,55,non_sure,duckduckgo,Docteur BRISSAUD-VINCENT ETIENNE Neurologue à PARIS - Médecin en France,,,,,,,,1,nom concordant (2/2); profession neurologue détectée,pas_adresse_extraite;localite_absente;annuaire_medical
10004981493,BROSSET,CHRISTIAN,,mode_vide_adresse_departement_vides,,,,,,adresse_to_search,,,,,,ambigu,to_verify_external_search,https://www.mablouseblanche.fr/pro/A10004981493/docteur-brosset-christian-neurologie,"Prenez rendez-vous avec Dr Christian BROSSET, Neurologue à en ligne. Adresse et Téléphone : ---",BROSSET CHRISTIAN neurologue,to_verify,Aucune suggestion déterministe ; recherche externe requise.,non_sure,55,non_sure,duckduckgo,"Prendre RDV : Dr Christian BROSSET, Neurologue à",,,,,,,,1,nom concordant (2/2); profession neurologue détectée,pas_adresse_extraite;localite_absente;annuaire_medical
10003205977,CESARI,JEAN-BAPTISTE,,mode_vide_adresse_departement_vides,,,,,,adresse_to_search,,,,,,ambigu,to_verify_external_search,https://www.medecinfrance.com/medecin/medecin-cesari-jean-baptiste-83148.htm,"Découvrez tout ce que vous devez savoir sur le docteur CESARI JEAN-BAPTISTE, ses spécialités, coordonnées, horaires de travail, recommandations des patients...",CESARI JEAN-BAPTISTE neurologue,to_verify,Aucune suggestion déterministe ; recherche externe requise.,non_sure,55,non_sure,duckduckgo,Docteur CESARI JEAN-BAPTISTE Neurologue à MONTPELLIER - Médecin en France,,,,,,,,3,nom concordant (2/2); profession neurologue détectée,pas_adresse_extraite;localite_absente;annuaire_medical
10002143625,CHABOUD-AUDRY,DOMINIQUE,,mode_vide_adresse_departement_vides,,,,,,adresse_to_search,,,,,,ambigu,to_verify_external_search,https://www.doctovac.com/neurologue/dijon/audry-dominique/785340,Le docteur Audry Dominique est neurologue à Dijon : rendez-vous pour une consultation de neurologie à son cabinet rd-pt nation Dijon 21000.,CHABOUD-AUDRY DOMINIQUE neurologue,to_verify,Aucune suggestion déterministe ; recherche externe requise.,non_sure,47,non_sure,duckduckgo,"Dr Audry Dominique, neurologue à Dijon 21000 - doctovac.com",,21000,Dijon,,,,,1,nom partiel (1/2); profession neurologue détectée; localité extraite du snippet,pas_adresse_extraite;localite_absente;score_faible;nom_partiel;annuaire_medical
10002105251,CHAPON,Françoise,,mode_vide_adresse_departement_vides,,,,,,adresse_to_search,,,,,,ambigu,to_verify_external_search,https://agenda.direct/rendez-vous/francoise-chapon/caen/10002105251,"Dr Françoise CHAPON Neurologie Données issues des registres publics des professionnels de santé, mises à jour régulièrement. Les coordonnées de ce praticien ne sont pas encore disponibles.",CHAPON Françoise neurologue,to_verify,Aucune suggestion déterministe ; recherche externe requise.,non_sure,55,non_sure,duckduckgo,Dr Françoise CHAPON - Neurologie -,,,,,,,,4,nom concordant (2/2); profession neurologue détectée,pas_adresse_extraite;localite_absente;annuaire_medical
10002897402,CHOPIN,MARIE-CHRISTINE,,mode_vide_adresse_departement_vides,,,,,,adresse_to_search,,,,,,ambigu,to_verify_external_search,https://www.mablouseblanche.fr/pro/A10002897402/docteur-chopin-marie-christine-neurologie,"Présentation : Neurologue Dr Marie-christine CHOPIN (Neurologue) exerce son activité à 1 adresse : - , La neurologie est une spécialité médicale centrée sur l'étude et le traitement des pathologies et affections pouvant toucher le système nerveux central constitué du cerveau et de la moelle épinière ou le système nerveux périphérique constitué de racines et des nerfs.",CHOPIN MARIE-CHRISTINE neurologue,to_verify,Aucune suggestion déterministe ; recherche externe requise.,non_sure,55,non_sure,duckduckgo,"PRENEZ RDV : Dr Marie-christine CHOPIN, Neurologue à",,,,,,,,1,nom concordant (2/2); profession neurologue détectée,pas_adresse_extraite;localite_absente;annuaire_medical
10004955711,CLAPIN,ALEXIS,,mode_vide_adresse_departement_vides,,,,,,adresse_to_search,,,,,,ambigu,to_verify_external_search,https://www.mablouseblanche.fr/pro/A10004955711/docteur-clapin-alexis-neurologie,"Prenez rendez-vous avec Dr Alexis CLAPIN, Neurologue à en ligne. Adresse et Téléphone : ---",CLAPIN ALEXIS neurologue,to_verify,Aucune suggestion déterministe ; recherche externe requise.,non_sure,55,non_sure,duckduckgo,"Prendre RDV : Dr Alexis CLAPIN, Neurologue à - Mablouseblanche",,,,,,,,1,nom concordant (2/2); profession neurologue détectée,pas_adresse_extraite;localite_absente;annuaire_medical
10101498060,CLUSE,Florent,,mode_vide_adresse_departement_vides,,,,,,adresse_to_search,,,,,,ambigu,to_verify_external_search,https://www.doctolib.fr/neurologue/saint-maur-des-fosses/florent-thabuy,"Prenez RDV en ligne avec Dr Florent THABUY: Neurologue, Conventionné secteur 2. Adresse : 63-65 Avenue de la République, 94100 Saint-Maur-des-Fossés.",CLUSE Florent neurologue,to_verify,Aucune suggestion déterministe ; recherche externe requise.,non_sure,55,non_sure,duckduckgo,"Dr Florent THABUY, Neurologue à Saint-Maur-des-Fossés - Doctolib",63-65 Avenue de la République,94100,Saint-Maur-des-Fossés,,,,,1,nom partiel (1/2); profession neurologue détectée; localité extraite du snippet; source officielle ou annuaire médical connu,pas_adresse_extraite;localite_absente;nom_partiel;annuaire_medical
10003315198,CONTE-DEVOLX,JOELLE,,mode_vide_adresse_departement_vides,,,,,,adresse_to_search,,,,,,ambigu,to_verify_external_search,https://www.mablouseblanche.fr/pro/A10003315198/docteur-conte-devolx-joelle-neurologie,"Prenez rendez-vous avec Dr Joelle CONTE-DEVOLX, Neurologue à en ligne. Adresse et Téléphone : ---",CONTE-DEVOLX JOELLE neurologue,to_verify,Aucune suggestion déterministe ; recherche externe requise.,non_sure,55,non_sure,duckduckgo,"Prendre RDV : Dr Joelle CONTE-DEVOLX, Neurologue à",,,,,,,,1,nom concordant (2/2); profession neurologue détectée,pas_adresse_extraite;localite_absente;annuaire_medical
10001635381,CRONERT,Elisabeth,,mode_vide_adresse_departement_vides,,,,,,adresse_to_search,,,,,,ambigu,to_verify_external_search,https://www.mablouseblanche.fr/pro/A10001635381/docteur-cronert-elisabeth-neurologie,"Prenez rendez-vous avec Dr Elisabeth CRONERT, Neurologue à en ligne. Adresse et Téléphone : ---",CRONERT Elisabeth neurologue,to_verify,Aucune suggestion déterministe ; recherche externe requise.,non_sure,55,non_sure,duckduckgo,"Prendre RDV : Dr Elisabeth CRONERT, Neurologue à",,,,,,,,1,nom concordant (2/2); profession neurologue détectée,pas_adresse_extraite;localite_absente;annuaire_medical
10004880851,DAO,MICHELE,,mode_vide_adresse_departement_vides,,,,,,adresse_to_search,,,,,,ambigu,to_verify_external_search,https://www.mablouseblanche.fr/pro/A10004880851/docteur-dao-michele-neurologie,"PRENEZ RENDEZ-VOUS avec Dr Michele DAO, Neurologue à en ligne. Adresse et Téléphone : ---",DAO MICHELE neurologue,to_verify,Aucune suggestion déterministe ; recherche externe requise.,non_sure,55,non_sure,duckduckgo,"PRENEZ RDV : Dr Michele DAO, Neurologue à - Mablouseblanche",,,,,,,,1,nom concordant (2/2); profession neurologue détectée,pas_adresse_extraite;localite_absente;annuaire_medical
10001800712,DARNE,HERVE,,mode_vide_adresse_departement_vides,,,,,,adresse_to_search,,,,,,ambigu,to_verify_external_search,https://www.medecinfrance.com/medecin/medecin-darne-herve-83338.htm,"Découvrez tout ce que vous devez savoir sur le docteur DARNE HERVE, ses spécialités, coordonnées, horaires de travail, recommandations des patients...",DARNE HERVE neurologue,to_verify,Aucune suggestion déterministe ; recherche externe requise.,non_sure,55,non_sure,duckduckgo,Docteur DARNE HERVE Neurologue à BEAUVAIS - Médecin en France,,,,,,,,1,nom concordant (2/2); profession neurologue détectée,pas_adresse_extraite;localite_absente;annuaire_medical
10001964005,DARRIET,DANIELLE,,mode_vide_adresse_departement_vides,,,,,,adresse_to_search,,,,,,ambigu,to_verify_external_search,https://www.medecinfrance.com/medecin/medecin-darriet-danielle-84526.htm,"Découvrez tout ce que vous devez savoir sur le docteur DARRIET DANIELLE, ses spécialités, coordonnées, horaires de travail, recommandations des patients...",DARRIET DANIELLE neurologue,to_verify,Aucune suggestion déterministe ; recherche externe requise.,non_sure,55,non_sure,duckduckgo,Docteur DARRIET DANIELLE Neurologue à ST ANDRE DE L EURE - Médecin en ...,,,,,,,,1,nom concordant (2/2); profession neurologue détectée,pas_adresse_extraite;localite_absente;annuaire_medical
10001329076,DAVOUS,PATRICK,,mode_vide_adresse_departement_vides,,,,,,adresse_to_search,,,,,,ambigu,to_verify_external_search,https://www.medecinfrance.com/medecin/medecin-davous-patrick-83825.htm,"Découvrez tout ce que vous devez savoir sur le docteur DAVOUS PATRICK, ses spécialités, coordonnées, horaires de travail, recommandations des patients...",DAVOUS PATRICK neurologue,to_verify,Aucune suggestion déterministe ; recherche externe requise.,non_sure,55,non_sure,duckduckgo,Docteur DAVOUS PATRICK Neurologue à PARIS - Médecin en France,,,,,,,,1,nom concordant (2/2); profession neurologue détectée,pas_adresse_extraite;localite_absente;annuaire_medical
10002534195,DE BRAY,JEAN-MICHEL,,mode_vide_adresse_departement_vides,,,,,,adresse_to_search,,,,,,ambigu,to_verify_external_search,https://www.mablouseblanche.fr/pro/A10002534195/docteur-de-bray-jean-michel-neurologie,"Prenez rendez-vous avec Dr Jean-michel DE BRAY, Neurologue à en ligne. Adresse et Téléphone : ---",DE BRAY JEAN-MICHEL neurologue,to_verify,Aucune suggestion déterministe ; recherche externe requise.,non_sure,55,non_sure,duckduckgo,"Prendre RDV : Dr Jean-michel DE BRAY, Neurologue à",,,,,,,,1,nom concordant (3/3); profession neurologue détectée,pas_adresse_extraite;localite_absente;annuaire_medical
10102230587,DEBONNAIRE,Mathilde,,mode_vide_adresse_departement_vides,,,,,,adresse_to_search,,,,,,ambigu,to_verify_external_search,https://monsuivimedical.fr/praticien/neurologue-mathilde-debonnaire,Fiche neurologue : Docteur DEBONNAIRE Mathilde à (). Informations issues des données publiques RPPS.,DEBONNAIRE Mathilde neurologue,to_verify,Aucune suggestion déterministe ; recherche externe requise.,non_sure,55,non_sure,duckduckgo,Docteur DEBONNAIRE Mathilde — Neurologue à | MonSuiviMédical,,,,,,,,2,nom concordant (2/2); profession neurologue détectée,pas_adresse_extraite;localite_absente;annuaire_medical
10100083848,DEIANA,GIANLUCA,,mode_vide_adresse_departement_vides,,,,,,adresse_to_search,,,,,,ambigu,to_verify_external_search,https://www.medecinfrance.com/medecin/medecin-deiana-gianluca-84149.htm,"Découvrez tout ce que vous devez savoir sur le docteur DEIANA GIANLUCA, ses spécialités, coordonnées, horaires de travail, recommandations des patients...",DEIANA GIANLUCA neurologue,to_verify,Aucune suggestion déterministe ; recherche externe requise.,non_sure,55,non_sure,duckduckgo,Docteur DEIANA GIANLUCA Neurologue à LYON - Médecin en France,,,,,,,,1,nom concordant (2/2); profession neurologue détectée,pas_adresse_extraite;localite_absente;annuaire_medical
10001507614,DELRIEU,OLIVIER,,mode_vide_adresse_departement_vides,,,,,,adresse_to_search,,,,,,ambigu,to_verify_external_search,https://www.mablouseblanche.fr/pro/A10001507614/docteur-delrieu-olivier-neurologie,"Prenez rendez-vous avec Dr Olivier DELRIEU, Neurologue à en ligne. Adresse et Téléphone : ---",DELRIEU OLIVIER neurologue,to_verify,Aucune suggestion déterministe ; recherche externe requise.,non_sure,55,non_sure,duckduckgo,"Prendre RDV : Dr Olivier DELRIEU, Neurologue à - Mablouseblanche",,,,,,,,2,nom concordant (2/2); profession neurologue détectée,pas_adresse_extraite;localite_absente;annuaire_medical
10002862315,DEMONET,JEAN-FRANCOIS,,mode_vide_adresse_departement_vides,,,,,,adresse_to_search,,,,,,ambigu,to_verify_external_search,https://cnemj.fr/experts/demonet-jean-francois/,Neurologie F.1.21. Ophtalmologie médicale F.1.22. Oto-rhino-laryngologie (ORL) médicale F.1.24. Pédiatrie F.1.26. Pneumologie F.1.27. Rhumatologie F.1.3. Anesthésiologie et réanimation F.1.5. Cancérologie - Médico-chirurgicale et traitements adjuvants F.1.7. Dermatologie - Vénérologie F.1.8. Endocrinologie et maladies métaboliques ...,DEMONET JEAN-FRANCOIS neurologue,to_verify,Aucune suggestion déterministe ; recherche externe requise.,non_sure,35,non_sure,duckduckgo,DEMONET Jean-François - Compagnie Nationale des Experts Médecins de Justice,,,,,,,,3,nom partiel (1/2); profession neurologue détectée,pas_adresse_extraite;localite_absente;score_faible;nom_partiel;source_non_referencee
10101757036,DENEVA,Vanya,,mode_vide_adresse_departement_vides,,,,,,adresse_to_search,,,,,,ambigu,to_verify_external_search,https://www.mablouseblanche.fr/pro/A10101757036/docteur-deneva-vanya-neurologie,"Prenez rendez-vous avec Dr Vanya DENEVA, Neurologue à en ligne. Adresse et Téléphone : ---",DENEVA Vanya neurologue,to_verify,Aucune suggestion déterministe ; recherche externe requise.,non_sure,55,non_sure,duckduckgo,"Prendre RDV : Dr Vanya DENEVA, Neurologue à - Mablouseblanche",,,,,,,,2,nom concordant (2/2); profession neurologue détectée,pas_adresse_extraite;localite_absente;annuaire_medical
10000232602,DENVIL,DOMINIQUE,,mode_vide_adresse_departement_vides,,,,,,adresse_to_search,,,,,,ambigu,to_verify_external_search,https://www.medecinfrance.com/medecin/medecin-denvil-dominique-85050.htm,"Découvrez tout ce que vous devez savoir sur le docteur DENVIL DOMINIQUE, ses spécialités, coordonnées, horaires de travail, recommandations des patients...",DENVIL DOMINIQUE neurologue,to_verify,Aucune suggestion déterministe ; recherche externe requise.,non_sure,55,non_sure,duckduckgo,Docteur DENVIL DOMINIQUE Neurologue à PARIS - Médecin en France,,,,,,,,1,nom concordant (2/2); profession neurologue détectée,pas_adresse_extraite;localite_absente;annuaire_medical
10001384378,DESI-FRIBOURG,MARTINE,,mode_vide_adresse_departement_vides,,,,,,adresse_to_search,,,,,,ambigu,to_verify_external_search,https://www.mablouseblanche.fr/pro/A10001384378/docteur-desi-fribourg-martine-neurologie,"Présentation : Neurologue Dr Martine DESI-FRIBOURG (Neurologue) exerce son activité à 1 adresse : - , La neurologie est une spécialité médicale centrée sur l'étude et le traitement des pathologies et affections pouvant toucher le système nerveux central constitué du cerveau et de la moelle épinière ou le système nerveux périphérique constitué de racines et des nerfs.",DESI-FRIBOURG MARTINE neurologue,to_verify,Aucune suggestion déterministe ; recherche externe requise.,non_sure,55,non_sure,duckduckgo,"PRENEZ RDV : Dr Martine DESI-FRIBOURG, Neurologue à",,,,,,,,1,nom concordant (2/2); profession neurologue détectée,pas_adresse_extraite;localite_absente;annuaire_medical
10005164248,DEWISPELAERE,François,,mode_vide_adresse_departement_vides,,,,,,adresse_to_search,,,,,,ambigu,to_verify_external_search,https://www.doctolib.fr/neurologue/saint-paul-en-foret/francois-dewispelaere,"Prenez RDV en ligne avec Dr Francois Dewispelaere: Neurologue. Adresse : 436 Peymeyan, 83440 Saint-Paul-en-Forêt.",DEWISPELAERE François neurologue,to_verify,Aucune suggestion déterministe ; recherche externe requise.,non_sure,55,non_sure,duckduckgo,"Dr Francois Dewispelaere, Neurologue à Saint-Paul-en-Forêt - Doctolib",,83440,Saint-Paul-en-Forêt,,,,,1,nom partiel (1/2); profession neurologue détectée; localité extraite du snippet; source officielle ou annuaire médical connu,pas_adresse_extraite;localite_absente;nom_partiel;annuaire_medical
10002230547,DUBOIS,François,,mode_vide_adresse_departement_vides,,,,,,adresse_to_search,,,,,,ambigu,to_verify_external_search,https://agenda.direct/rendez-vous/francois-dubois/lille/10002230547,"Dr François DUBOIS Neurologie Données issues des registres publics des professionnels de santé, mises à jour régulièrement. Les coordonnées de ce praticien ne sont pas encore disponibles.",DUBOIS François neurologue,to_verify,Aucune suggestion déterministe ; recherche externe requise.,non_sure,55,non_sure,duckduckgo,Dr François DUBOIS - Neurologie -,,,,,,,,2,nom concordant (2/2); profession neurologue détectée,pas_adresse_extraite;localite_absente;annuaire_medical
10004871066,EL KALLAB,KAMAL,,mode_vide_adresse_departement_vides,,,,,,adresse_to_search,,,,,,ambigu,to_verify_external_search,https://www.mablouseblanche.fr/pro/A10004871066/docteur-el-kallab-kamal-neurologie,"Présentation : Neurologue Dr Kamal EL KALLAB (Neurologue) exerce son activité à 1 adresse : - , La neurologie est une spécialité médicale centrée sur l'étude et le traitement des pathologies et affections pouvant toucher le système nerveux central constitué du cerveau et de la moelle épinière ou le système nerveux périphérique constitué de racines et des nerfs.",EL KALLAB KAMAL neurologue,to_verify,Aucune suggestion déterministe ; recherche externe requise.,non_sure,55,non_sure,duckduckgo,"PRENEZ RDV : Dr Kamal EL KALLAB, Neurologue à - Mablouseblanche",,,,,,,,1,nom concordant (3/3); profession neurologue détectée,pas_adresse_extraite;localite_absente;annuaire_medical
10003762308,ESCAILLAS,JEAN-PIERRE,,mode_vide_adresse_departement_vides,,,,,,adresse_to_search,,,,,,ambigu,to_verify_external_search,https://agenda.direct/rendez-vous/jean-pierre-escaillas/montlucon-03109/neurologie/10003762308,"Le Docteur Jean Pierre Escaillas, Neurologie, vous souhaite la bienvenue dans son cabinet médical à Montluçon. Situé au 18 Avenue Du 8 Mai 1945 Montluçon 03109, le cabinet médical du Dr Jean Pierre Escaillas propose des disponibilités de rendez-vous médicaux pour vous recevoir. Le Docteur Jean Pierre Escaillas, Neurologie, pratique son activité médicale en région Auvergne rhone ...",ESCAILLAS JEAN-PIERRE neurologue,to_verify,Aucune suggestion déterministe ; recherche externe requise.,non_sure,47,non_sure,duckduckgo,Jean Pierre ESCAILLAS - Neurologie à Montluçon - RDV,18 Avenue Du 8 Mai 1945 Montluçon,03109,Montluçon,,,,,1,nom partiel (1/2); profession neurologue détectée; localité extraite du snippet,pas_adresse_extraite;localite_absente;score_faible;nom_partiel;annuaire_medical
10003891974,FAILLIE,XAVIER,,mode_vide_adresse_departement_vides,,,,,,adresse_to_search,,,,,,ambigu,to_verify_external_search,https://www.medecinfrance.com/medecin/medecin-faillie-xavier-84218.htm,"Découvrez tout ce que vous devez savoir sur le docteur FAILLIE XAVIER, ses spécialités, coordonnées, horaires de travail, recommandations des patients...",FAILLIE XAVIER neurologue,to_verify,Aucune suggestion déterministe ; recherche externe requise.,non_sure,55,non_sure,duckduckgo,Docteur FAILLIE XAVIER Neurologue à PERPIGNAN - Médecin en France,,,,,,,,1,nom concordant (2/2); profession neurologue détectée,pas_adresse_extraite;localite_absente;annuaire_medical
10100844710,FAZEKAS,FERENC,,mode_vide_adresse_departement_vides,,,,,,adresse_to_search,,,,,,ambigu,to_verify_external_search,https://www.doklist.com/en/d25950/,"Make an appointment for free, no fine print. Dr. Fazekas Ferenc, trusted reviews from real patients. Working hours and directions.",FAZEKAS FERENC neurologue,to_verify,Aucune suggestion déterministe ; recherche externe requise.,non_sure,40,non_sure,duckduckgo,"Dr. Fazekas Ferenc Neurologist private practice Budapest, XIII ...",,,,,,,,1,nom concordant (2/2),pas_adresse_extraite;localite_absente;score_faible;source_non_referencee
10004990825,FELTEN,DOMINIQUE,,mode_vide_adresse_departement_vides,,,,,,adresse_to_search,,,,,,ambigu,to_verify_external_search,https://www.frcneurodon.org/acteurs/dominique-felten/,"Dominique FELTEN, administrateur. Il est actuellement Vice-Président de la FFRE. Médecin neurologue de formation, chef de service hospitalier puis directeur d'hôpital, il a notamment dirigé l'hôpital militaire du Val-de-Grâce. Aujourd'hui, il est directeur de l'Institut de recherche biomédicale des armées, à Brétigny sur Orge.",FELTEN DOMINIQUE neurologue,to_verify,Aucune suggestion déterministe ; recherche externe requise.,non_sure,55,non_sure,duckduckgo,Dominique FELTEN - Fondation pour la Recherche sur le Cerveau,,,,,,,,1,nom concordant (2/2); profession neurologue détectée,pas_adresse_extraite;localite_absente;source_non_referencee
10004982434,FLOCARD,FREDERIC,,mode_vide_adresse_departement_vides,,,,,,adresse_to_search,,,,,,ambigu,to_verify_external_search,https://www.mablouseblanche.fr/pro/A10004982434/docteur-flocard-frederic-neurologie,"Prenez rendez-vous avec Dr Frederic FLOCARD, Neurologue à en ligne. Adresse et Téléphone : ---",FLOCARD FREDERIC neurologue,to_verify,Aucune suggestion déterministe ; recherche externe requise.,non_sure,55,non_sure,duckduckgo,"Prendre RDV : Dr Frederic FLOCARD, Neurologue à - Mablouseblanche",,,,,,,,1,nom concordant (2/2); profession neurologue détectée,pas_adresse_extraite;localite_absente;annuaire_medical
10002985611,FOUILLET,PIERRE,,mode_vide_adresse_departement_vides,,,,,,adresse_to_search,,,,,,ambigu,to_verify_external_search,https://sos-tel-medecin.fr/medecin/fouillet-pierre-grenoble-1,"Fouillet Pierre à Grenoble, médecin,docteur, horaires d'ouverture, téléphone, avis, plan d'accès. Toutes les infos et recommandations sur Fouillet Pierre 6 Bis Avenue Jean Perrot",FOUILLET PIERRE neurologue,to_verify,Aucune suggestion déterministe ; recherche externe requise.,non_sure,55,non_sure,duckduckgo,"Fouillet Pierre médecin à Grenoble, téléphone, adresse, horaires",,,,,,,,1,nom concordant (2/2); profession neurologue détectée,pas_adresse_extraite;localite_absente;source_non_referencee
10003233672,GAILLARDE,ANNE-MARIE,,mode_vide_adresse_departement_vides,,,,,,adresse_to_search,,,,,,ambigu,to_verify_external_search,https://www.mablouseblanche.fr/pro/A10003233672/docteur-gaillarde-anne-marie-neurologie,"Prenez rendez-vous avec Dr Anne-marie GAILLARDE, Neurologue à en ligne. Adresse et Téléphone : ---",GAILLARDE ANNE-MARIE neurologue,to_verify,Aucune suggestion déterministe ; recherche externe requise.,non_sure,55,non_sure,duckduckgo,"PRENEZ RDV : Dr Anne-marie GAILLARDE, Neurologue à",,,,,,,,1,nom concordant (2/2); profession neurologue détectée,pas_adresse_extraite;localite_absente;annuaire_medical
10001122240,GENTHON,Rémy,,mode_vide_adresse_departement_vides,,,,,,adresse_to_search,,,,,,ambigu,to_verify_external_search,https://agenda.direct/rendez-vous/remy-genthon/bobigny/10001122240,"Dr Rémy GENTHON Neurologie Données issues des registres publics des professionnels de santé, mises à jour régulièrement. Les coordonnées de ce praticien ne sont pas encore disponibles.",GENTHON Rémy neurologue,to_verify,Aucune suggestion déterministe ; recherche externe requise.,non_sure,55,non_sure,duckduckgo,Dr Rémy GENTHON - Neurologie -,,,,,,,,4,nom concordant (2/2); profession neurologue détectée,pas_adresse_extraite;localite_absente;annuaire_medical
10003904801,GILLET,EVELYNE,,mode_vide_adresse_departement_vides,,,,,,adresse_to_search,,,,,,ambigu,to_verify_external_search,https://www.mablouseblanche.fr/pro/A10003904801/docteur-gillet-evelyne-neurologie,"Présentation : Neurologue Dr Evelyne GILLET (Neurologue) exerce son activité à 1 adresse : - , La neurologie est une spécialité médicale centrée sur l'étude et le traitement des pathologies et affections pouvant toucher le système nerveux central constitué du cerveau et de la moelle épinière ou le système nerveux périphérique constitué de racines et des nerfs.",GILLET EVELYNE neurologue,to_verify,Aucune suggestion déterministe ; recherche externe requise.,non_sure,55,non_sure,duckduckgo,"PRENEZ RDV : Dr Evelyne GILLET, Neurologue à - Mablouseblanche",,,,,,,,1,nom concordant (2/2); profession neurologue détectée,pas_adresse_extraite;localite_absente;annuaire_medical
10003847695,GIRARD,JEAN-PIERRE,,mode_vide_adresse_departement_vides,,,,,,adresse_to_search,,,,,,ambigu,to_verify_external_search,https://www.mablouseblanche.fr/pro/A10003847695/docteur-girard-jean-pierre-neurologie,"Présentation : Neurologue Dr Jean-pierre GIRARD (Neurologue) exerce son activité à 1 adresse : - , La neurologie est une spécialité médicale centrée sur l'étude et le traitement des pathologies et affections pouvant toucher le système nerveux central constitué du cerveau et de la moelle épinière ou le système nerveux périphérique constitué de racines et des nerfs.",GIRARD JEAN-PIERRE neurologue,to_verify,Aucune suggestion déterministe ; recherche externe requise.,non_sure,55,non_sure,duckduckgo,"PRENEZ RDV : Dr Jean-pierre GIRARD, Neurologue à",,,,,,,,1,nom concordant (2/2); profession neurologue détectée,pas_adresse_extraite;localite_absente;annuaire_medical
10002206521,GOMEL,JEAN JACQUES,,mode_vide_adresse_departement_vides,,,,,,adresse_to_search,,,,,,ambigu,to_verify_external_search,https://www.medecinfrance.com/medecin/medecin-gomel-jean-jacques-83447.htm,"Découvrez tout ce que vous devez savoir sur le docteur GOMEL JEAN JACQUES, ses spécialités, coordonnées, horaires de travail, recommandations des patients...",GOMEL JEAN JACQUES neurologue,to_verify,Aucune suggestion déterministe ; recherche externe requise.,non_sure,55,non_sure,duckduckgo,Docteur GOMEL JEAN JACQUES Neurologue à TOURCOING - Médecin en France,,,,,,,,1,nom concordant (3/3); profession neurologue détectée,pas_adresse_extraite;localite_absente;annuaire_medical
10000405885,GRYLLIA,MARIA,,mode_vide_adresse_departement_vides,,,,,,adresse_to_search,,,,,,ambigu,to_verify_external_search,https://www.mablouseblanche.fr/pro/A10000405885/docteur-gryllia-maria-neurologie,"Présentation : Neurologue Dr Maria GRYLLIA (Neurologue) exerce son activité à 1 adresse : - , La neurologie est une spécialité médicale centrée sur l'étude et le traitement des pathologies et affections pouvant toucher le système nerveux central constitué du cerveau et de la moelle épinière ou le système nerveux périphérique constitué de racines et des nerfs.",GRYLLIA MARIA neurologue,to_verify,Aucune suggestion déterministe ; recherche externe requise.,non_sure,55,non_sure,duckduckgo,"PRENEZ RDV : Dr Maria GRYLLIA, Neurologue à - Mablouseblanche",,,,,,,,1,nom concordant (2/2); profession neurologue détectée,pas_adresse_extraite;localite_absente;annuaire_medical
10004042197,HUBER,FRANK,,mode_vide_adresse_departement_vides,,,,,,adresse_to_search,,,,,,ambigu,to_verify_external_search,https://www.editus.lu/fr/huber-frank-dr-ettelbruck-1591569,"Huber Frank (Dr) à Ettelbruck, toutes les informations pratiques sur Huber Frank (Dr) : heures d'ouvertures, téléphone, adresse. Toutes les activités de Huber Frank (Dr) : Médecin spécialiste en : Neurologie.",HUBER FRANK neurologue,to_verify,Aucune suggestion déterministe ; recherche externe requise.,non_sure,55,non_sure,duckduckgo,Huber Frank (Dr) - Médecin spécialiste en : Neurologie Ettelbruck,,,,,,,,1,nom concordant (2/2); profession neurologue détectée,pas_adresse_extraite;localite_absente;source_etrangere_ou_hors_france;source_non_referencee
10002991163,HUCK,Noëlle,,mode_vide_adresse_departement_vides,,,,,,adresse_to_search,,,,,,ambigu,to_verify_external_search,https://autour-de-moi.pro/fiche/dr-huck-noelle-marie-jacqueline/,"Retrouvez toutes les informations sur Dr Huck Noelle Marie Jacqueline, votre Neurologue, situé 4 Rue Vicat, 38000 Grenoble. Sur cette page, vous accédez aux photos, à l'adresse complète, aux horaires d'ouverture, au numéro de téléphone ainsi qu'aux avis des clients. Un formulaire de contact est également disponible pour joindre l'établissement facilement.",HUCK Noëlle neurologue,to_verify,Aucune suggestion déterministe ; recherche externe requise.,non_sure,47,non_sure,duckduckgo,Dr Huck Noelle Marie Jacqueline - Autour de moi,"Retrouvez toutes les informations sur Dr Huck Noelle Marie Jacqueline, votre Neurologue, situé 4 Rue Vicat",38000,complète aux d'ouverture,,,,,1,nom partiel (1/2); profession neurologue détectée; localité extraite du snippet,pas_adresse_extraite;localite_absente;score_faible;nom_partiel;source_non_referencee
10101320660,INFANTE,MARIA TERESA,,mode_vide_adresse_departement_vides,,,,,,adresse_to_search,,,,,,ambigu,to_verify_external_search,https://www.mablouseblanche.fr/pro/A10101320660/docteur-infante-maria-teresa-neurologie,"Prenez rendez-vous avec Dr Maria teresa INFANTE, Neurologue à en ligne. Adresse et Téléphone : ---",INFANTE MARIA TERESA neurologue,to_verify,Aucune suggestion déterministe ; recherche externe requise.,non_sure,55,non_sure,duckduckgo,"Prendre RDV : Dr Maria teresa INFANTE, Neurologue à",,,,,,,,1,nom concordant (3/3); profession neurologue détectée,pas_adresse_extraite;localite_absente;annuaire_medical
10002477577,JACQUARD-JAVAUX,SOPHIE,,mode_vide_adresse_departement_vides,,,,,,adresse_to_search,,,,,,ambigu,to_verify_external_search,https://www.mablouseblanche.fr/pro/A10002477577/docteur-jacquard-javaux-sophie-neurologie,"Prenez rendez-vous avec Dr Sophie JACQUARD-JAVAUX, Neurologue à en ligne. Adresse et Téléphone : ---",JACQUARD-JAVAUX SOPHIE neurologue,to_verify,Aucune suggestion déterministe ; recherche externe requise.,non_sure,55,non_sure,duckduckgo,"Prendre RDV : Dr Sophie JACQUARD-JAVAUX, Neurologue à",,,,,,,,1,nom concordant (2/2); profession neurologue détectée,pas_adresse_extraite;localite_absente;annuaire_medical
10005192264,KAZADI,Annabelle,,mode_vide_adresse_departement_vides,,,,,,adresse_to_search,,,,,,ambigu,to_verify_external_search,https://www.medecinbelgique.com/medecin/medecin-kazadi-annabelle-40212.htm,À propos du Dr KAZADI Annabelle Plus d'informations à propos du docteur. Médecin spécialiste en neurologie Spécialités Neurologue,KAZADI Annabelle neurologue,to_verify,Aucune suggestion déterministe ; recherche externe requise.,non_sure,55,non_sure,duckduckgo,Docteur KAZADI Annabelle Neurologue à Bruxelles - Médecin en Belgique,,,,,,,,2,nom concordant (2/2); profession neurologue détectée,pas_adresse_extraite;localite_absente;source_etrangere_ou_hors_france;source_non_referencee
10002423761,KIESMANN,Michèle,,mode_vide_adresse_departement_vides,,,,,,adresse_to_search,,,,,,ambigu,to_verify_external_search,https://agenda.direct/rendez-vous/michele-kiesmann/strasbourg/10002423761,"Dr Michèle KIESMANN Neurologie Données issues des registres publics des professionnels de santé, mises à jour régulièrement. Les coordonnées de ce praticien ne sont pas encore disponibles.",KIESMANN Michèle neurologue,to_verify,Aucune suggestion déterministe ; recherche externe requise.,non_sure,55,non_sure,duckduckgo,Dr Michèle KIESMANN - Neurologie - Agenda Direct,,,,,,,,4,nom concordant (2/2); profession neurologue détectée,pas_adresse_extraite;localite_absente;annuaire_medical
10002412640,KRIEGER,JEAN,,mode_vide_adresse_departement_vides,,,,,,adresse_to_search,,,,,,ambigu,to_verify_external_search,https://www.mablouseblanche.fr/pro/A10002412640/docteur-krieger-jean-neurologie,"Prenez rendez-vous avec Dr Jean KRIEGER, Neurologue à en ligne. Adresse et Téléphone : ---",KRIEGER JEAN neurologue,to_verify,Aucune suggestion déterministe ; recherche externe requise.,non_sure,55,non_sure,duckduckgo,"Prendre RDV : Dr Jean KRIEGER, Neurologue à - Mablouseblanche",,,,,,,,1,nom concordant (2/2); profession neurologue détectée,pas_adresse_extraite;localite_absente;annuaire_medical
10003986428,LABARRE-VILA,ANNICK,,mode_vide_adresse_departement_vides,,,,,,adresse_to_search,,,,,,ambigu,to_verify_external_search,https://www.mablouseblanche.fr/pro/A10003986428/docteur-labarre-vila-annick-neurologie,"Présentation : Neurologue Dr Annick LABARRE-VILA (Neurologue) exerce son activité à 1 adresse : - , La neurologie est une spécialité médicale centrée sur l'étude et le traitement des pathologies et affections pouvant toucher le système nerveux central constitué du cerveau et de la moelle épinière ou le système nerveux périphérique constitué de racines et des nerfs.",LABARRE-VILA ANNICK neurologue,to_verify,Aucune suggestion déterministe ; recherche externe requise.,non_sure,55,non_sure,duckduckgo,"PRENEZ RDV : Dr Annick LABARRE-VILA, Neurologue à",,,,,,,,1,nom concordant (2/2); profession neurologue détectée,pas_adresse_extraite;localite_absente;annuaire_medical
10004830666,LABAUGE,FAWZIA,,mode_vide_adresse_departement_vides,,,,,,adresse_to_search,,,,,,ambigu,to_verify_external_search,https://www.mablouseblanche.fr/pro/A10004830666/docteur-labauge-fawzia-neurologie,"Prenez rendez-vous avec Dr Fawzia LABAUGE, Neurologue à en ligne. Adresse et Téléphone : ---",LABAUGE FAWZIA neurologue,to_verify,Aucune suggestion déterministe ; recherche externe requise.,non_sure,55,non_sure,duckduckgo,"Prendre RDV : Dr Fawzia LABAUGE, Neurologue à - Mablouseblanche",,,,,,,,1,nom concordant (2/2); profession neurologue détectée,pas_adresse_extraite;localite_absente;annuaire_medical
10001102093,LANOE,YVES,,mode_vide_adresse_departement_vides,,,,,,adresse_to_search,,,,,,ambigu,to_verify_external_search,https://www.medecinfrance.com/medecin/medecin-lanoe-yves-83872.htm,"Découvrez tout ce que vous devez savoir sur le docteur LANOE YVES, ses spécialités, coordonnées, horaires de travail, recommandations des patients...",LANOE YVES neurologue,to_verify,Aucune suggestion déterministe ; recherche externe requise.,non_sure,55,non_sure,duckduckgo,Docteur LANOE YVES Neurologue à AULNAY SOUS BOIS - Médecin en France,,,,,,,,1,nom concordant (2/2); profession neurologue détectée,pas_adresse_extraite;localite_absente;annuaire_medical
10003010781,LAPRAS,Jérôme,,mode_vide_adresse_departement_vides,,,,,,adresse_to_search,,,,,,ambigu,to_verify_external_search,https://neurologue.autour-de-moi.com/lapras-jerome-1497115.html,"Voici toutes les informations sur le Neurologue Lapras Jerôme qui se trouve au 4 Rue Mi-Carême, 42000 Saint-Étienne (42). Sur cette fiche vous trouverez les photos, l'adresse, les horaires d'ouverture, le numéro de téléphone et les avis clients.",LAPRAS Jérôme neurologue,to_verify,Aucune suggestion déterministe ; recherche externe requise.,non_sure,47,non_sure,duckduckgo,Lapras Jerôme à Saint-Étienne | 10 Avis,Voici toutes les informations sur le Neurologue Lapras Jerôme qui se trouve au 4 Rue Mi-Carême,42000,fiche vous trouverez,,,,,1,nom partiel (1/2); profession neurologue détectée; localité extraite du snippet,pas_adresse_extraite;localite_absente;score_faible;nom_partiel;source_non_referencee
10003332136,LEBHAR,Yves,,mode_vide_adresse_departement_vides,,,,,,adresse_to_search,,,,,,ambigu,to_verify_external_search,https://www.mablouseblanche.fr/pro/A10003332136/docteur-lebhar-yves-neurologie,"Présentation : Neurologue Dr Yves LEBHAR (Neurologue) exerce son activité à 1 adresse : - , La neurologie est une spécialité médicale centrée sur l'étude et le traitement des pathologies et affections pouvant toucher le système nerveux central constitué du cerveau et de la moelle épinière ou le système nerveux périphérique constitué de racines et des nerfs.",LEBHAR Yves neurologue,to_verify,Aucune suggestion déterministe ; recherche externe requise.,non_sure,55,non_sure,duckduckgo,"PRENEZ RDV : Dr Yves LEBHAR, Neurologue à - Mablouseblanche",,,,,,,,1,nom concordant (2/2); profession neurologue détectée,pas_adresse_extraite;localite_absente;annuaire_medical
10001003374,LEGER,SOPHIE,,mode_vide_adresse_departement_vides,,,,,,adresse_to_search,,,,,,ambigu,to_verify_external_search,https://www.mablouseblanche.fr/pro/A10001003374/docteur-leger-collomb-sophie-neurologie,"Présentation : Neurologue Dr Sophie LEGER-COLLOMB (Neurologue) exerce son activité à 1 adresse : - , La neurologie est une spécialité médicale centrée sur l'étude et le traitement des pathologies et affections pouvant toucher le système nerveux central constitué du cerveau et de la moelle épinière ou le système nerveux périphérique constitué de racines et des nerfs.",LEGER SOPHIE neurologue,to_verify,Aucune suggestion déterministe ; recherche externe requise.,non_sure,55,non_sure,duckduckgo,"PRENEZ RDV : Dr Sophie LEGER-COLLOMB, Neurologue à",,,,,,,,1,nom concordant (2/2); profession neurologue détectée,pas_adresse_extraite;localite_absente;annuaire_medical
10000450568,LIDY,CLAUDE,,mode_vide_adresse_departement_vides,,,,,,adresse_to_search,,,,,,ambigu,to_verify_external_search,https://www.medecinfrance.com/medecin/medecin-lidy-claude-83937.htm,"Découvrez tout ce que vous devez savoir sur le docteur LIDY CLAUDE, ses spécialités, coordonnées, horaires de travail, recommandations des patients...",LIDY CLAUDE neurologue,to_verify,Aucune suggestion déterministe ; recherche externe requise.,non_sure,55,non_sure,duckduckgo,Docteur LIDY CLAUDE Neurologue à PARIS - Médecin en France,,,,,,,,1,nom concordant (2/2); profession neurologue détectée,pas_adresse_extraite;localite_absente;annuaire_medical
10000210509,LYON CAEN,OLIVIER,,mode_vide_adresse_departement_vides,,,,,,adresse_to_search,,,,,,ambigu,to_verify_external_search,https://fr.wikipedia.org/wiki/Olivier_Lyon-Caen,"Olivier Lyon-Caen, né le 5 janvier 1947 dans le 16e arrondissement de Paris, est un neurologue et un universitaire français.",LYON CAEN OLIVIER neurologue,to_verify,Aucune suggestion déterministe ; recherche externe requise.,non_sure,55,non_sure,duckduckgo,Olivier Lyon-Caen — Wikipédia,,,,,,,,1,nom concordant (3/3); profession neurologue détectée,pas_adresse_extraite;localite_absente;source_non_referencee
10001822658,MACRON,JEAN-MICHEL,,mode_vide_adresse_departement_vides,,,,,,adresse_to_search,,,,,,ambigu,to_verify_external_search,https://agenda.direct/rendez-vous/jean-michel-macron/salouel/10001822658,"Dr Jean-Michel MACRON Neurologie Données issues des registres publics des professionnels de santé, mises à jour régulièrement. Les coordonnées de ce praticien ne sont pas encore disponibles.",MACRON JEAN-MICHEL neurologue,to_verify,Aucune suggestion déterministe ; recherche externe requise.,non_sure,55,non_sure,duckduckgo,Dr Jean-Michel MACRON - Neurologie - agenda.direct,,,,,,,,2,nom concordant (2/2); profession neurologue détectée,pas_adresse_extraite;localite_absente;annuaire_medical
10000402668,MARION,Marie-Helene,,mode_vide_adresse_departement_vides,,,,,,adresse_to_search,,,,,,ambigu,to_verify_external_search,https://www.meditsimple.com/fr/practitioners/dr-marie-helene-marion/6307,"Découvrez Dr Marie-Helene Marion. Consultez son profil pour en savoir plus sur ses qualifications, voir les avis de ses patients et prendre rendez-vous en ligne facilement.",MARION Marie-Helene neurologue,to_verify,Aucune suggestion déterministe ; recherche externe requise.,non_sure,55,non_sure,duckduckgo,"Dr Marie-Helene Marion, Neurologie - MEDitSIMPLE",,,,,,,,1,nom concordant (2/2); profession neurologue détectée,pas_adresse_extraite;localite_absente;source_non_referencee
10003030367,MAUGUIERE,FRANCOIS,,mode_vide_adresse_departement_vides,,,,,,adresse_to_search,,,,,,ambigu,to_verify_external_search,https://www.mablouseblanche.fr/pro/A10003030367/docteur-mauguiere-francois-neurologie,"Présentation : Neurologue Pr Francois MAUGUIERE (Neurologue) exerce son activité à 1 adresse : - , La neurologie est une spécialité médicale centrée sur l'étude et le traitement des pathologies et affections pouvant toucher le système nerveux central constitué du cerveau et de la moelle épinière ou le système nerveux périphérique constitué de racines et des nerfs.",MAUGUIERE FRANCOIS neurologue,to_verify,Aucune suggestion déterministe ; recherche externe requise.,non_sure,55,non_sure,duckduckgo,"PRENEZ RDV : Pr Francois MAUGUIERE, Neurologue à - Mablouseblanche",,,,,,,,3,nom concordant (2/2); profession neurologue détectée,pas_adresse_extraite;localite_absente;annuaire_medical
10002970399,MEYRIEUX,YVETTE,,mode_vide_adresse_departement_vides,,,,,,adresse_to_search,,,,,,ambigu,to_verify_external_search,https://www.mablouseblanche.fr/pro/A10002970399/docteur-meyrieux-yvette-neurologie,"Prenez rendez-vous avec Dr Yvette MEYRIEUX, Neurologue à en ligne. Adresse et Téléphone : ---",MEYRIEUX YVETTE neurologue,to_verify,Aucune suggestion déterministe ; recherche externe requise.,non_sure,55,non_sure,duckduckgo,"Prendre RDV : Dr Yvette MEYRIEUX, Neurologue à - Mablouseblanche",,,,,,,,1,nom concordant (2/2); profession neurologue détectée,pas_adresse_extraite;localite_absente;annuaire_medical
10101723152,MONTA,ANAE,,mode_vide_adresse_departement_vides,,,,,,adresse_to_search,,,,,,ambigu,to_verify_external_search,https://www.optimicall.nc/client/dr-monta-anae/,"Le Dr Monta est neurologue diplômé de la Faculté de Médecine de Marseille, avec une spécialisation en électrophysiologie clinique, notamment ENMG (électro-neuro-myogramme) et EEG. Le Dr Anaé Monta est neurologue à Nouméa, au sein de la Galerie Port Plaisance. Elle propose des consultations spécialisées en neurologie pour adultes et adolescents, ainsi que des examens techniques tels ...",MONTA ANAE neurologue,to_verify,Aucune suggestion déterministe ; recherche externe requise.,non_sure,55,non_sure,duckduckgo,Dr Monta Anae (Neurologue Nouméa) : RDV en ligne avec OPTIMICALL,,,,,,,,2,nom concordant (2/2); profession neurologue détectée,pas_adresse_extraite;localite_absente;source_non_referencee
10002205713,MONTAGNE,BERNARD,,mode_vide_adresse_departement_vides,,,,,,adresse_to_search,,,,,,ambigu,to_verify_external_search,https://www.reco-doc.com/neurologue-dr-bernard-montagne,"Prenez RDV en ligne avec DR BERNARD MONTAGNE : Neurologue, à sur Reco Doc, et recommandez-le si vous l'aimez.",MONTAGNE BERNARD neurologue,to_verify,Aucune suggestion déterministe ; recherche externe requise.,non_sure,55,non_sure,duckduckgo,"Prenez RDV et recommandez DR BERNARD MONTAGNE, Neurologue.",,,,,,,,5,nom concordant (2/2); profession neurologue détectée,pas_adresse_extraite;localite_absente;source_non_referencee
10102183331,MORANDO,Chloé,,mode_vide_adresse_departement_vides,,,,,,adresse_to_search,,,,,,ambigu,to_verify_external_search,https://supermedecin.fr/medecin/morando-chloe,"Morando Chloé, affecté(e) en Neurologie à Bordeaux en 2020 (rang 854 ECN — 32/125 en Neurologie).",MORANDO Chloé neurologue,to_verify,Aucune suggestion déterministe ; recherche externe requise.,non_sure,55,non_sure,duckduckgo,"Morando Chloé — Neurologie (rang 854, 2020) · Supermédecin",,,,,,,,2,nom concordant (2/2); profession neurologue détectée,pas_adresse_extraite;localite_absente;source_etrangere_ou_hors_france;source_non_referencee
10002682168,MORRISSEY,SEAN,,mode_vide_adresse_departement_vides,,,,,,adresse_to_search,,,,,,ambigu,to_verify_external_search,https://www.mablouseblanche.fr/pro/A10002682168/docteur-morrissey-sean-neurologie,"Prenez rendez-vous avec Dr Sean MORRISSEY, Neurologue à en ligne. Adresse et Téléphone : ---",MORRISSEY SEAN neurologue,to_verify,Aucune suggestion déterministe ; recherche externe requise.,non_sure,55,non_sure,duckduckgo,"Prendre RDV : Dr Sean MORRISSEY, Neurologue à - Mablouseblanche",,,,,,,,1,nom concordant (2/2); profession neurologue détectée,pas_adresse_extraite;localite_absente;annuaire_medical
10002427861,MUTSCHLER,Véronique,,mode_vide_adresse_departement_vides,,,,,,adresse_to_search,,,,,,ambigu,to_verify_external_search,https://www.horairesdouverture24.fr/filiale/Strasbourg-Dr%20V%E9ronique%20Mutschler%20-%20Neurologue-5118578U.html,"Actuellement ouvert? Horaires d'ouverture de „Dr Véronique Mutschler - Neurologue"" à Strasbourg Horaires d'ouverture Numéro de téléphone Données de contact Adresse ★ Avis. Voir maintenant !",MUTSCHLER Véronique neurologue,to_verify,Aucune suggestion déterministe ; recherche externe requise.,non_sure,55,non_sure,duckduckgo,Dr Véronique Mutschler - Neurologue à Strasbourg,,,,,,,,3,nom concordant (2/2); profession neurologue détectée,pas_adresse_extraite;localite_absente;source_etrangere_ou_hors_france;source_non_referencee
10107554932,MÉREAUX,Jean-Loup,,mode_vide_adresse_departement_vides,,,,,,adresse_to_search,,,,,,ambigu,to_verify_external_search,https://www.doctoome.com/s/neurologue/paris-12eme-75012/jean-loup-mereaux,"Le neurologue traite également des pathologies infectieuses comme la méningite ou l'encéphalite. Prenez rendez-vous dès à présent avec le Dr Jean-loup MéREAUX, neurologue à Paris.",MÉREAUX Jean-Loup neurologue,to_verify,Aucune suggestion déterministe ; recherche externe requise.,non_sure,55,non_sure,duckduckgo,Dr Jean-loup MéREAUX - Neurologue à Paris - Doctoome,,,,,,,,1,nom concordant (2/2); profession neurologue détectée,pas_adresse_extraite;localite_absente;source_non_referencee
10003892113,NEGRE,CHRISTIAN,,mode_vide_adresse_departement_vides,,,,,,adresse_to_search,,,,,,ambigu,to_verify_external_search,https://www.medecinfrance.com/medecin/medecin-negre-christian-83304.htm,"Découvrez tout ce que vous devez savoir sur le docteur NEGRE CHRISTIAN, ses spécialités, coordonnées, horaires de travail, recommandations des patients...",NEGRE CHRISTIAN neurologue,to_verify,Aucune suggestion déterministe ; recherche externe requise.,non_sure,55,non_sure,duckduckgo,Docteur NEGRE CHRISTIAN Neurologue à PERPIGNAN - Médecin en France,,,,,,,,1,nom concordant (2/2); profession neurologue détectée,pas_adresse_extraite;localite_absente;annuaire_medical
10100153138,NJEUKUI TCHOUA,JULES,,mode_vide_adresse_departement_vides,,,,,,adresse_to_search,,,,,,ambigu,to_verify_external_search,https://www.medecinbelgique.com/medecin/medecin-njeukui-tchoua-jules-30706.htm,"Découvrez tout ce que vous devez savoir sur le docteur Njeukui Tchoua Jules, ses spécialités, coordonnées, horaires de travail, recommandations des patients...",NJEUKUI TCHOUA JULES neurologue,to_verify,Aucune suggestion déterministe ; recherche externe requise.,non_sure,55,non_sure,duckduckgo,Docteur Njeukui Tchoua Jules Neurologue à Tournai - Médecin en Belgique,,,,,,,,1,nom concordant (3/3); profession neurologue détectée,pas_adresse_extraite;localite_absente;source_etrangere_ou_hors_france;source_non_referencee
10100552719,OPRISAN,BOGDAN,,mode_vide_adresse_departement_vides,,,,,,adresse_to_search,,,,,,ambigu,to_verify_external_search,https://www.mediculmeu.com/medic/Iasi/Oprisan-Bogdan_40842.php,"Medicul Oprisan Bogdan - medic Specialist in Neurologie din judetul Iasi cu datele: adresa, telefon, cabinet",OPRISAN BOGDAN neurologue,to_verify,Aucune suggestion déterministe ; recherche externe requise.,non_sure,55,non_sure,duckduckgo,Oprisan Bogdan doctor medic Specialist in Neurologie din Iasi,,,,,,,,1,nom concordant (2/2); profession neurologue détectée,pas_adresse_extraite;localite_absente;source_non_referencee
10003209268,PAGES,MICHEL,,mode_vide_adresse_departement_vides,,,,,,adresse_to_search,,,,,,ambigu,to_verify_external_search,https://www.pagesjaunes.fr/pros/62720672,"MICHEL BREGIGEON à Marseille Neurologue : adresse, photos, retrouvez les coordonnées et informations sur le professionnel",PAGES MICHEL neurologue,to_verify,Aucune suggestion déterministe ; recherche externe requise.,non_sure,55,non_sure,duckduckgo,MICHEL BREGIGEON Marseille - Neurologue (adresse) - Pages Jaunes,,,,,,,,1,nom concordant (2/2); profession neurologue détectée,pas_adresse_extraite;localite_absente;source_non_referencee
10002063229,PAULIN,MARTINE,,mode_vide_adresse_departement_vides,,,,,,adresse_to_search,,,,,,ambigu,to_verify_external_search,https://www.mablouseblanche.fr/pro/A10002063229/docteur-paulin-martine-neurologie,"Présentation : Neurologue Dr Martine PAULIN (Neurologue) exerce son activité à 1 adresse : - , La neurologie est une spécialité médicale centrée sur l'étude et le traitement des pathologies et affections pouvant toucher le système nerveux central constitué du cerveau et de la moelle épinière ou le système nerveux périphérique constitué de racines et des nerfs.",PAULIN MARTINE neurologue,to_verify,Aucune suggestion déterministe ; recherche externe requise.,non_sure,55,non_sure,duckduckgo,"PRENEZ RDV : Dr Martine PAULIN, Neurologue à - Mablouseblanche",,,,,,,,1,nom concordant (2/2); profession neurologue détectée,pas_adresse_extraite;localite_absente;annuaire_medical
10002432440,PICARD,Fabienne,,mode_vide_adresse_departement_vides,,,,,,adresse_to_search,,,,,,ambigu,to_verify_external_search,https://www.hug.ch/neurologie/dre-fabienne-picard,"La Professeure Fabienne Picard est médecin adjointe dans l'unité d'Epileptologie du Service de Neurologie des Hôpitaux Universitaires de Genève, et professeure associée à la Faculté de Médecine de Genève depuis septembre 2019.",PICARD Fabienne neurologue,to_verify,Aucune suggestion déterministe ; recherche externe requise.,non_sure,55,non_sure,duckduckgo,Dre Fabienne Picard - médecin adjointe Unité d'épileptologie - HUG,,,,,,,,1,nom concordant (2/2); profession neurologue détectée,pas_adresse_extraite;localite_absente;source_etrangere_ou_hors_france;source_non_referencee
10002397734,PICHOT DU MEZERAY,ARMEL,,mode_vide_adresse_departement_vides,,,,,,adresse_to_search,,,,,,ambigu,to_verify_external_search,https://www.mablouseblanche.fr/pro/A10002397734/docteur-pichot-du-mezeray-armel-neurologie,"Prenez rendez-vous avec Dr Armel PICHOT DU MEZERAY, Neurologue à en ligne. Adresse et Téléphone : ---",PICHOT DU MEZERAY ARMEL neurologue,to_verify,Aucune suggestion déterministe ; recherche externe requise.,non_sure,55,non_sure,duckduckgo,"Prendre RDV : Dr Armel PICHOT DU MEZERAY, Neurologue à",,,,,,,,1,nom concordant (4/4); profession neurologue détectée,pas_adresse_extraite;localite_absente;annuaire_medical
10002976438,POLLAK,PIERRE,,mode_vide_adresse_departement_vides,,,,,,adresse_to_search,,,,,,ambigu,to_verify_external_search,https://fr.wikipedia.org/wiki/Pierre_Pollak,"Pierre Pollak, né le 1er janvier 1950 à Grenoble, est un neurologue français, spécialiste de la maladie de Parkinson. Pierre Pollak a fait sa formation médicale et neurologique à l'université de Grenoble.",POLLAK PIERRE neurologue,to_verify,Aucune suggestion déterministe ; recherche externe requise.,non_sure,55,non_sure,duckduckgo,Pierre Pollak — Wikipédia,,,,,,,,1,nom concordant (2/2); profession neurologue détectée,pas_adresse_extraite;localite_absente;source_non_referencee
10002533668,POUPLARD,François,,mode_vide_adresse_departement_vides,,,,,,adresse_to_search,,,,,,ambigu,to_verify_external_search,https://monsuivimedical.fr/praticien/neurologue-francois-pouplard,"Consultez la fiche de Professeur POUPLARD François, neurologue à (). Adresse et praticiens à proximité.",POUPLARD François neurologue,to_verify,Aucune suggestion déterministe ; recherche externe requise.,non_sure,55,non_sure,duckduckgo,Professeur POUPLARD François — Neurologue à | MonSuiviMédical,,,,,,,,3,nom concordant (2/2); profession neurologue détectée,pas_adresse_extraite;localite_absente;annuaire_medical
10000740729,REMY-ROMION,ANNICK,,mode_vide_adresse_departement_vides,,,,,,adresse_to_search,,,,,,ambigu,to_verify_external_search,https://www.mablouseblanche.fr/pro/A10000740729/docteur-remy-romion-annick-neurologie,"PRENEZ RENDEZ-VOUS avec Dr Annick REMY-ROMION, Neurologue à en ligne. Adresse et Téléphone : ---",REMY-ROMION ANNICK neurologue,to_verify,Aucune suggestion déterministe ; recherche externe requise.,non_sure,55,non_sure,duckduckgo,"PRENEZ RDV : Dr Annick REMY-ROMION, Neurologue à",,,,,,,,1,nom concordant (2/2); profession neurologue détectée,pas_adresse_extraite;localite_absente;annuaire_medical
10002971272,REYMOND,FRANCOISE,,mode_vide_adresse_departement_vides,,,,,,adresse_to_search,,,,,,ambigu,to_verify_external_search,https://www.mablouseblanche.fr/pro/A10002971272/docteur-reymond-francoise-neurologie,"Prenez rendez-vous avec Dr Francoise REYMOND, Neurologue à en ligne. Adresse et Téléphone : ---",REYMOND FRANCOISE neurologue,to_verify,Aucune suggestion déterministe ; recherche externe requise.,non_sure,55,non_sure,duckduckgo,"Prendre RDV : Dr Francoise REYMOND, Neurologue à - Mablouseblanche",,,,,,,,1,nom concordant (2/2); profession neurologue détectée,pas_adresse_extraite;localite_absente;annuaire_medical
10002486602,RITZ-BASSANI,AGNES,,mode_vide_adresse_departement_vides,,,,,,adresse_to_search,,,,,,ambigu,to_verify_external_search,https://www.mablouseblanche.fr/pro/A10002486602/docteur-ritz-bassani-agnes-neurologie,"Prenez rendez-vous avec Dr Agnes RITZ-BASSANI, Neurologue à en ligne. Adresse et Téléphone : ---",RITZ-BASSANI AGNES neurologue,to_verify,Aucune suggestion déterministe ; recherche externe requise.,non_sure,55,non_sure,duckduckgo,"Prendre RDV : Dr Agnes RITZ-BASSANI, Neurologue à",,,,,,,,1,nom concordant (2/2); profession neurologue détectée,pas_adresse_extraite;localite_absente;annuaire_medical
10101995297,ROBIN,ARTHUR,,mode_vide_adresse_departement_vides,,,,,,adresse_to_search,,,,,,ambigu,to_verify_external_search,https://www.psychologytoday.com/us/therapists/robin-t-arthur-cincinnati-oh/348542,"Robin T Arthur, Psychologist, Cincinnati, OH, 45242, (513) 666-5442, I feel privileged that people allow me to be part of their exploration of issues and stressors in life. I have 25+ years in the ...",ROBIN ARTHUR neurologue,to_verify,Aucune suggestion déterministe ; recherche externe requise.,non_sure,52,non_sure,duckduckgo,Robin T Arthur - Psychology Today,"Robin T Arthur, Psychologist, Cincinnati, OH",45242,of issues a,,,,,5,nom concordant (2/2); localité extraite du snippet,pas_adresse_extraite;localite_absente;source_non_referencee
10003879532,RUEL,JEAN-HENRI,,mode_vide_adresse_departement_vides,,,,,,adresse_to_search,,,,,,ambigu,to_verify_external_search,https://etablissements.fhf.fr/annuaire/member/structure2012-direction-service-member13912,Annuaire Centre Hospitalier - Annecy Genevois (site Annecy et site St Julien-en-Genevois) (Epaggny Metz-Tessy) Centre Hospitalier Annecy Genevois - site ANNECY (EPAGNY METZ TESSY) Neurologie Dr Jean-Henri RUEL,RUEL JEAN-HENRI neurologue,to_verify,Aucune suggestion déterministe ; recherche externe requise.,non_sure,55,non_sure,duckduckgo,Dr Jean-Henri RUEL | FHF,,,,,,,,5,nom concordant (2/2); profession neurologue détectée,pas_adresse_extraite;localite_absente;source_non_referencee
10002401403,RUSSELL,CHRISTOPH,,mode_vide_adresse_departement_vides,,,,,,adresse_to_search,,,,,,ambigu,to_verify_external_search,https://www.mablouseblanche.fr/pro/A10002401403/docteur-russell-christoph-neurologie,"PRENEZ RENDEZ-VOUS avec Dr Christoph RUSSELL, Neurologue à en ligne. Adresse et Téléphone : ---",RUSSELL CHRISTOPH neurologue,to_verify,Aucune suggestion déterministe ; recherche externe requise.,non_sure,55,non_sure,duckduckgo,"PRENEZ RDV : Dr Christoph RUSSELL, Neurologue à - Mablouseblanche",,,,,,,,2,nom concordant (2/2); profession neurologue détectée,pas_adresse_extraite;localite_absente;annuaire_medical
10003067583,RYVLIN,PHILIPPE,,mode_vide_adresse_departement_vides,,,,,,adresse_to_search,,,,,,ambigu,to_verify_external_search,https://www.chuv.ch/fr/neurologie/nlg-home/le-service-en-bref/notre-equipe/equipe-medicale/pr-philippe-ryvlin/,"Spécialités cliniques Médecin neurologue, Philippe Ryvlin est un expert internationalement reconnu dans le domaine de l'épilepsie, notamment en matière de chirurgie, de neuro-imagerie et de stéréoélectroencéphalographie (SEEG), technique de pointe d'exploration de l'activité électroencéphalographique intra-cérébrale.",RYVLIN PHILIPPE neurologue,to_verify,Aucune suggestion déterministe ; recherche externe requise.,non_sure,55,non_sure,duckduckgo,Pr Philippe Ryvlin - Service de neurologie - CHUV,,,,,,,,2,nom concordant (2/2); profession neurologue détectée,pas_adresse_extraite;localite_absente;source_etrangere_ou_hors_france;source_non_referencee
10002999315,SAVET,BERNARD,,mode_vide_adresse_departement_vides,,,,,,adresse_to_search,,,,,,ambigu,to_verify_external_search,https://www.mablouseblanche.fr/pro/A10002999315/docteur-savet-bernard-neurologie,"Prenez rendez-vous avec Dr Bernard SAVET, Neurologue à en ligne. Adresse et Téléphone : ---",SAVET BERNARD neurologue,to_verify,Aucune suggestion déterministe ; recherche externe requise.,non_sure,55,non_sure,duckduckgo,"Prendre RDV : Dr Bernard SAVET, Neurologue à - Mablouseblanche",,,,,,,,1,nom concordant (2/2); profession neurologue détectée,pas_adresse_extraite;localite_absente;annuaire_medical
10003732376,SCHADECK-GUILLEMAUD,BRIGITTE,,mode_vide_adresse_departement_vides,,,,,,adresse_to_search,,,,,,ambigu,to_verify_external_search,https://sos-tel-medecin.fr/medecin/schadeck-guillemaud-brigitte-paris,"Schadeck-guillemaud Brigitte à Paris, médecin,docteur, horaires d'ouverture, téléphone, avis, plan d'accès. Toutes les infos et recommandations sur Schadeck-guillemaud Brigitte 5 Rue Michel Chasles",SCHADECK-GUILLEMAUD BRIGITTE neurologue,to_verify,Aucune suggestion déterministe ; recherche externe requise.,non_sure,55,non_sure,duckduckgo,"Schadeck-guillemaud Brigitte Paris 75012, docteur, adresse",,,,,,,,2,nom concordant (2/2); profession neurologue détectée,pas_adresse_extraite;localite_absente;source_non_referencee
10002475027,SEVRIN-MATHIEU,CLAIRE,,mode_vide_adresse_departement_vides,,,,,,adresse_to_search,,,,,,ambigu,to_verify_external_search,https://www.allo-medecins.fr/Besancon-25000/neurologue/neurologue_Sevrin-Claire.html,"Sevrin Claire, Neurologue sur Besançon (25000), Doubs, France, sur Allo-Medecins, l'annuaire des médecins et de la santé",SEVRIN-MATHIEU CLAIRE neurologue,to_verify,Aucune suggestion déterministe ; recherche externe requise.,non_sure,47,non_sure,duckduckgo,Sevrin Claire Neurologue à Besançon - allo-medecins.fr,"Sevrin Claire, Neurologue sur Besançon (",25000,Doubs,,,,,1,nom partiel (1/2); profession neurologue détectée; localité extraite du snippet,pas_adresse_extraite;localite_absente;score_faible;nom_partiel;source_non_referencee
10002715505,SIMMAT,GERARD,,mode_vide_adresse_departement_vides,,,,,,adresse_to_search,,,,,,ambigu,to_verify_external_search,https://www.reco-doc.com/neurologue-dr-gerard-simmat,"Prenez RDV en ligne avec DR GERARD SIMMAT : Neurologue, à sur Reco Doc, et recommandez-le si vous l'aimez.",SIMMAT GERARD neurologue,to_verify,Aucune suggestion déterministe ; recherche externe requise.,non_sure,55,non_sure,duckduckgo,"Prenez RDV et recommandez DR GERARD SIMMAT, Neurologue.",,,,,,,,3,nom concordant (2/2); profession neurologue détectée,pas_adresse_extraite;localite_absente;source_non_referencee
10100295939,SIMON,OLIVIER,,mode_vide_adresse_departement_vides,,,,,,adresse_to_search,,,,,,ambigu,to_verify_external_search,https://www.allosante.nc/neurologie/dumbea/simon-olivier,Prenez rendez-vous chez le praticien Olivier Simon en quelques clics et gratuitement !,SIMON OLIVIER neurologue,to_verify,Aucune suggestion déterministe ; recherche externe requise.,non_sure,55,non_sure,duckduckgo,"Olivier Simon Neurologie à Nouméa, Nouvelle-Calédonie - AlloSanté",,,,,,,,1,nom concordant (2/2); profession neurologue détectée,pas_adresse_extraite;localite_absente;source_non_referencee
10100311280,STRAUSS,MELANIE,,mode_vide_adresse_departement_vides,,,,,,adresse_to_search,,,,,,ambigu,to_verify_external_search,https://rosa.be/fr/hp/melanie-strauss/,Prenez rendez-vous en ligne avec MÉLANIE STRAUSS (Neurologue). Découvrez les disponibilités en quelques clics sur Rosa!,STRAUSS MELANIE neurologue,to_verify,Aucune suggestion déterministe ; recherche externe requise.,non_sure,35,non_sure,duckduckgo,MÉLANIE STRAUSS (Neurologue) : Prenez rendez-vous en ligne | Rosa,,,,,,,,4,nom partiel (1/2); profession neurologue détectée,pas_adresse_extraite;localite_absente;score_faible;nom_partiel;source_etrangere_ou_hors_france;source_non_referencee
10001467736,TAILLIBERT,SOPHIE,,mode_vide_adresse_departement_vides,,,,,,adresse_to_search,,,,,,ambigu,to_verify_external_search,https://www.medecinfrance.com/medecin/medecin-taillibert-sophie-24130.htm,À propos du Dr TAILLIBERT SOPHIE Plus d'informations à propos du docteur. Spécialités Cancérologue Neurologue Soyez le premier à rédiger une recommandation sur le docteur TAILLIBERT SOPHIE,TAILLIBERT SOPHIE neurologue,to_verify,Aucune suggestion déterministe ; recherche externe requise.,non_sure,55,non_sure,duckduckgo,Docteur TAILLIBERT SOPHIE Cancérologue à PARIS - Médecin en France,,,,,,,,1,nom concordant (2/2); profession neurologue détectée,pas_adresse_extraite;localite_absente;annuaire_medical
10002931094,TAPIE,PHILIPPE,,mode_vide_adresse_departement_vides,,,,,,adresse_to_search,,,,,,ambigu,to_verify_external_search,https://www.mablouseblanche.fr/pro/A10002931094/docteur-tapie-philippe-neurologie,"Présentation : Neurologue Dr Philippe TAPIE (Neurologue) exerce son activité à 1 adresse : - , La neurologie est une spécialité médicale centrée sur l'étude et le traitement des pathologies et affections pouvant toucher le système nerveux central constitué du cerveau et de la moelle épinière ou le système nerveux périphérique constitué de racines et des nerfs.",TAPIE PHILIPPE neurologue,to_verify,Aucune suggestion déterministe ; recherche externe requise.,non_sure,55,non_sure,duckduckgo,"PRENEZ RDV : Dr Philippe TAPIE, Neurologue à - Mablouseblanche",,,,,,,,1,nom concordant (2/2); profession neurologue détectée,pas_adresse_extraite;localite_absente;annuaire_medical
10002615200,TEA,SAY-HAK,,mode_vide_adresse_departement_vides,,,,,,adresse_to_search,,,,,,ambigu,to_verify_external_search,https://monsuivimedical.fr/praticien/neurologue-say-hak-tea,"Consultez la fiche de Docteur TEA SAY-HAK, neurologue à (). Adresse et praticiens à proximité.",TEA SAY-HAK neurologue,to_verify,Aucune suggestion déterministe ; recherche externe requise.,non_sure,55,non_sure,duckduckgo,Docteur TEA SAY-HAK — Neurologue à | MonSuiviMédical,,,,,,,,4,nom concordant (2/2); profession neurologue détectée,pas_adresse_extraite;localite_absente;annuaire_medical
10004848312,TEMPLE,DENISE,,mode_vide_adresse_departement_vides,,,,,,adresse_to_search,,,,,,ambigu,to_verify_external_search,https://www.mablouseblanche.fr/pro/A10004848312/docteur-temple-denise-neurologie,"Présentation : Neurologue Dr Denise TEMPLE (Neurologue) exerce son activité à 1 adresse : - , La neurologie est une spécialité médicale centrée sur l'étude et le traitement des pathologies et affections pouvant toucher le système nerveux central constitué du cerveau et de la moelle épinière ou le système nerveux périphérique constitué de racines et des nerfs.",TEMPLE DENISE neurologue,to_verify,Aucune suggestion déterministe ; recherche externe requise.,non_sure,55,non_sure,duckduckgo,"PRENEZ RDV : Dr Denise TEMPLE, Neurologue à - Mablouseblanche",,,,,,,,1,nom concordant (2/2); profession neurologue détectée,pas_adresse_extraite;localite_absente;annuaire_medical
10001644391,THEAUDIN,MARIE,,mode_vide_adresse_departement_vides,,,,,,adresse_to_search,,,,,,ambigu,to_verify_external_search,https://www.mablouseblanche.fr/pro/A10001644391/docteur-theaudin-marie-neurologie,"Présentation : Neurologue Dr Marie THEAUDIN (Neurologue) exerce son activité à 1 adresse : - , La neurologie est une spécialité médicale centrée sur l'étude et le traitement des pathologies et affections pouvant toucher le système nerveux central constitué du cerveau et de la moelle épinière ou le système nerveux périphérique constitué de racines et des nerfs.",THEAUDIN MARIE neurologue,to_verify,Aucune suggestion déterministe ; recherche externe requise.,non_sure,55,non_sure,duckduckgo,"PRENEZ RDV : Dr Marie THEAUDIN, Neurologue à - Mablouseblanche",,,,,,,,3,nom concordant (2/2); profession neurologue détectée,pas_adresse_extraite;localite_absente;annuaire_medical
10002103934,THOMAS-LAMOTTE,Pierre,,mode_vide_adresse_departement_vides,,,,,,adresse_to_search,,,,,,ambigu,to_verify_external_search,https://www.medecinfrance.com/medecin/medecin-thomas-lamotte-pierre-83880.htm,"Découvrez tout ce que vous devez savoir sur le docteur THOMAS-LAMOTTE PIERRE, ses spécialités, coordonnées, horaires de travail, recommandations des patients...",THOMAS-LAMOTTE Pierre neurologue,to_verify,Aucune suggestion déterministe ; recherche externe requise.,non_sure,55,non_sure,duckduckgo,Docteur THOMAS-LAMOTTE PIERRE Neurologue à LISIEUX - Médecin en France,,,,,,,,1,nom concordant (2/2); profession neurologue détectée,pas_adresse_extraite;localite_absente;annuaire_medical
10003874939,VENTRE,JEAN JACQUES,,mode_vide_adresse_departement_vides,,,,,,adresse_to_search,,,,,,ambigu,to_verify_external_search,https://www.medecinfrance.com/medecin/medecin-ventre-jean-jacques-84366.htm,"Découvrez tout ce que vous devez savoir sur le docteur VENTRE JEAN JACQUES, ses spécialités, coordonnées, horaires de travail, recommandations des patients...",VENTRE JEAN JACQUES neurologue,to_verify,Aucune suggestion déterministe ; recherche externe requise.,non_sure,55,non_sure,duckduckgo,Docteur VENTRE JEAN JACQUES Neurologue à LYON - Médecin en France,,,,,,,,1,nom concordant (3/3); profession neurologue détectée,pas_adresse_extraite;localite_absente;annuaire_medical
10004936406,VINOT,JEROME,,mode_vide_adresse_departement_vides,,,,,,adresse_to_search,,,,,,ambigu,to_verify_external_search,https://www.mablouseblanche.fr/pro/A10004936406/docteur-vinot-jerome-neurologie,"Présentation : Neurologue Dr Jerome VINOT (Neurologue) exerce son activité à 1 adresse : - , La neurologie est une spécialité médicale centrée sur l'étude et le traitement des pathologies et affections pouvant toucher le système nerveux central constitué du cerveau et de la moelle épinière ou le système nerveux périphérique constitué de racines et des nerfs.",VINOT JEROME neurologue,to_verify,Aucune suggestion déterministe ; recherche externe requise.,non_sure,55,non_sure,duckduckgo,"PRENEZ RDV : Dr Jerome VINOT, Neurologue à - Mablouseblanche",,,,,,,,1,nom concordant (2/2); profession neurologue détectée,pas_adresse_extraite;localite_absente;annuaire_medical
10002640091,YAOUANQ,JACQUELINE,,mode_vide_adresse_departement_vides,,,,,,adresse_to_search,,,,,,ambigu,to_verify_external_search,https://www.medecinfrance.com/medecin/medecin-yaouanq-jacqueline-51133.htm,"Découvrez tout ce que vous devez savoir sur le docteur YAOUANQ JACQUELINE, ses spécialités, coordonnées, horaires de travail, recommandations des patients...",YAOUANQ JACQUELINE neurologue,to_verify,Aucune suggestion déterministe ; recherche externe requise.,non_sure,55,non_sure,duckduckgo,Docteur YAOUANQ JACQUELINE Généticien à RENNES - Médecin en France,,,,,,,,2,nom concordant (2/2); profession neurologue détectée,pas_adresse_extraite;localite_absente;annuaire_medical
10102032223,ZAGURY,STANLEY,,mode_vide_adresse_departement_vides,,,,,,adresse_to_search,,,,,,ambigu,to_verify_external_search,https://www.doctena.ch/fr/specialite/neurologue/dr-med-stanley-zagury-431681/lausannois-de-medecine-du-sommeil-350857,"Prenez rendez-vous en ligne avec Dr. med. Stanley Zagury, Neurologue. Aussi le numéro de téléphone, les heures d'ouverture, sa formation, ses prix, recommandations et retours des patients.",ZAGURY STANLEY neurologue,to_verify,Aucune suggestion déterministe ; recherche externe requise.,non_sure,55,non_sure,duckduckgo,Dr. med. Stanley Zagury (Neurologue) à 1006 Lausanne,,,,,,,,3,nom concordant (2/2); profession neurologue détectée,pas_adresse_extraite;localite_absente;source_etrangere_ou_hors_france;source_non_referencee
10001536563,ZAVARO,OLIVIER,,mode_vide_adresse_departement_vides,,,,,,adresse_to_search,,,,,,ambigu,to_verify_external_search,https://www.mablouseblanche.fr/pro/A10001536563/docteur-zavaro-olivier-neurologie,"Présentation : Neurologue Dr Olivier ZAVARO (Neurologue) exerce son activité à 1 adresse : - , La neurologie est une spécialité médicale centrée sur l'étude et le traitement des pathologies et affections pouvant toucher le système nerveux central constitué du cerveau et de la moelle épinière ou le système nerveux périphérique constitué de racines et des nerfs.",ZAVARO OLIVIER neurologue,to_verify,Aucune suggestion déterministe ; recherche externe requise.,non_sure,55,non_sure,duckduckgo,"PRENEZ RDV : Dr Olivier ZAVARO, Neurologue à - Mablouseblanche",,,,,,,,1,nom concordant (2/2); profession neurologue détectée,pas_adresse_extraite;localite_absente;annuaire_medical
10002859311,ZEKRI-HURSTEL,Regine,,mode_vide_adresse_departement_vides,,,,,,adresse_to_search,,,,,,ambigu,to_verify_external_search,https://www.mablouseblanche.fr/pro/A10002859311/docteur-zekri-hurstel-regine-neurologie-toulouse,"Prenez rendez-vous avec Dr Regine ZEKRI -HURSTEL, Neurologue à Toulouse en ligne. Adresse et Téléphone : 42 RUE DE LA POMME 31000 Toulouse",ZEKRI-HURSTEL Regine neurologue,to_verify,Aucune suggestion déterministe ; recherche externe requise.,non_sure,47,non_sure,duckduckgo,"Prendre RDV : Dr Regine ZEKRI -HURSTEL, Neurologue à Toulouse",42 RUE DE LA POMME,31000,Toulouse,,,,,4,nom partiel (1/2); profession neurologue détectée; localité extraite du snippet,pas_adresse_extraite;localite_absente;score_faible;nom_partiel;annuaire_medical
10107059825,BALGUERIE,Laure,L,liberal_sans_departement,,,,,,adresse_to_search,,,,,,ambigu,to_verify_external_search,https://supermedecin.fr/medecin/balguerie-laure,"Balguerie Laure, affecté(e) en Neurologie à Toulouse en 2021 (rang 2077 ECN — 66/130 en Neurologie).",BALGUERIE Laure neurologue,to_verify,Aucune suggestion déterministe ; recherche externe requise.,non_sure,55,non_sure,duckduckgo,"Balguerie Laure — Neurologie (rang 2077, 2021) · Supermédecin",,,,,,,,1,nom concordant (2/2); profession neurologue détectée,pas_adresse_extraite;localite_absente;source_non_referencee
10101612819,BARNAY,Marlène,L,liberal_sans_departement,,,,,,adresse_to_search,,,,,,ambigu,to_verify_external_search,https://supermedecin.fr/medecin/barnay-marlene,"Barnay Marlène, affecté (e) en Neurologie à Bordeaux en 2018 (rang 645 ECN — 29/127 en Neurologie).",BARNAY Marlène neurologue,to_verify,Aucune suggestion déterministe ; recherche externe requise.,non_sure,55,non_sure,duckduckgo,"Barnay Marlène — Neurologie (rang 645, 2018) · Supermédecin",,,,,,,,1,nom concordant (2/2); profession neurologue détectée,pas_adresse_extraite;localite_absente;source_non_referencee
10101924305,BERGER,Claire,L,liberal_sans_departement,,,,,,adresse_to_search,,,,,,ambigu,to_verify_external_search,https://www.doctoome.com/s/neurologue/caen-14000/claire-berger-9-2,"Dr Claire BERGER est neurologue. Elle exerce dans son cabinet situé au Avenue Cote de Nacre à Caen, information sur la carte vitale non renseignée, parle français et information sur le secteur de conventionnement non renseignée. Le neurologue traite les pathologies neurologiques qui affectent le cerveau, la moelle épinière et les nerfs.",BERGER Claire neurologue,to_verify,Aucune suggestion déterministe ; recherche externe requise.,non_sure,55,non_sure,duckduckgo,Dr Claire BERGER - Neurologue à Caen - Doctoome,,,,,,,,2,nom concordant (2/2); profession neurologue détectée,pas_adresse_extraite;localite_absente;source_non_referencee
10101944055,BERNARD,Pierre,L,liberal_sans_departement,,,,,,adresse_to_search,,,,,,ambigu,to_verify_external_search,https://supermedecin.fr/medecin/bernard-pierre,"Bernard Pierre, affecté(e) en Neurologie à Besançon en 2019 (rang 3929 ECN — 111/125 en Neurologie) — accrédité HAS depuis 2026.",BERNARD Pierre neurologue,to_verify,Aucune suggestion déterministe ; recherche externe requise.,non_sure,55,non_sure,duckduckgo,"Bernard Pierre — Neurologie (rang 3929, 2019) · Supermédecin",,,,,,,,1,nom concordant (2/2); profession neurologue détectée,pas_adresse_extraite;localite_absente;source_non_referencee
10107112616,BERTOUILLE,Gabriel,L,liberal_sans_departement,,,,,,adresse_to_search,,,,,,ambigu,to_verify_external_search,https://supermedecin.fr/medecin/bertouille-gabriel,"Bertouille Gabriel, affecté(e) en Neurologie à Amiens en 2021 (rang 4802 ECN — 126/130 en Neurologie).",BERTOUILLE Gabriel neurologue,to_verify,Aucune suggestion déterministe ; recherche externe requise.,non_sure,55,non_sure,duckduckgo,"Bertouille Gabriel — Neurologie (rang 4802, 2021) · Supermédecin",,,,,,,,1,nom concordant (2/2); profession neurologue détectée,pas_adresse_extraite;localite_absente;source_non_referencee
10101877735,BILLETTE,Camille,L,liberal_sans_departement,,,,,,adresse_to_search,,,,,,ambigu,to_verify_external_search,https://supermedecin.fr/medecin/billette-camille,"Billette Camille, affecté(e) en Neurologie à Aix-Marseille en 2019 (rang 2229 ECN — 75/125 en Neurologie).",BILLETTE Camille neurologue,to_verify,Aucune suggestion déterministe ; recherche externe requise.,non_sure,55,non_sure,duckduckgo,"Billette Camille — Neurologie (rang 2229, 2019) · Supermédecin",,,,,,,,1,nom concordant (2/2); profession neurologue détectée,pas_adresse_extraite;localite_absente;source_non_referencee
10101939147,BLANC,Manon,L,liberal_sans_departement,,,,,,adresse_to_search,,,,,,ambigu,to_verify_external_search,https://www.doctoome.com/s/neurologue/brest-29200/manon-blanc-4,"Dr Manon BLANC est neurologue. Elle exerce dans son cabinet situé au Boulevard Tanguy Prigent à Brest, information sur la carte vitale non renseignée, parle français et information sur le secteur de conventionnement non renseignée. Le neurologue traite les pathologies neurologiques qui affectent le cerveau, la moelle épinière et les nerfs.",BLANC Manon neurologue,to_verify,Aucune suggestion déterministe ; recherche externe requise.,non_sure,55,non_sure,duckduckgo,Dr Manon BLANC - Neurologue à Brest - Doctoome,,,,,,,,1,nom concordant (2/2); profession neurologue détectée,pas_adresse_extraite;localite_absente;source_non_referencee
10102181657,BROHÉE,Sacha,L,liberal_sans_departement,,,,,,adresse_to_search,,,,,,ambigu,to_verify_external_search,https://monsuivimedical.fr/praticien/neurologue-sacha-brohee,"neurologue à — Professeur BROHÉE Sacha. Adresse, téléphone et praticiens similaires dans le .",BROHÉE Sacha neurologue,to_verify,Aucune suggestion déterministe ; recherche externe requise.,non_sure,55,non_sure,duckduckgo,Professeur BROHÉE Sacha — Neurologue à | MonSuiviMédical,,,,,,,,3,nom concordant (2/2); profession neurologue détectée,pas_adresse_extraite;localite_absente;annuaire_medical
10101503497,CHANUT,Fanny,L,liberal_sans_departement,,,,,,adresse_to_search,,,,,,ambigu,to_verify_external_search,https://supermedecin.fr/medecin/chanut-fanny,"Chanut Fanny, affecté(e) en Neurologie à Lyon en 2017 (rang 473 ECN — 23/121 en Neurologie).",CHANUT Fanny neurologue,to_verify,Aucune suggestion déterministe ; recherche externe requise.,non_sure,55,non_sure,duckduckgo,"Chanut Fanny — Neurologie (rang 473, 2017) · Supermédecin",,,,,,,,1,nom concordant (2/2); profession neurologue détectée,pas_adresse_extraite;localite_absente;source_non_referencee
10101484763,COMPOINT,Mathilde,L,liberal_sans_departement,,,,,,adresse_to_search,,,,,,ambigu,to_verify_external_search,https://www.doctoome.com/s/neurologue/dieppe-76200/mathilde-compoint-5,"Consultation avec Dr Mathilde COMPOINT, Neurologue spécialisé en Électromyogramme (EMG), Exploration neurologique, Examens neurologiques, Électro-encéphalogramme (EEG) à Dieppe",COMPOINT Mathilde neurologue,to_verify,Aucune suggestion déterministe ; recherche externe requise.,non_sure,55,non_sure,duckduckgo,Mathilde COMPOINT Neurologue à Dieppe 76200 - Doctoome,,,,,,,,1,nom concordant (2/2); profession neurologue détectée,pas_adresse_extraite;localite_absente;source_non_referencee
10107121088,DEASY,Louise,L,liberal_sans_departement,,,,,,adresse_to_search,,,,,,ambigu,to_verify_external_search,https://fr.linkedin.com/in/louise-deasy-670820137,"Interne du Neurologie au CHU de Montpellier · Expérience : CHU de Montpellier · Formation : Faculté de Médecine Lyon Est · Lieu : Lyon · 129 relations sur LinkedIn. Consultez le profil de Louise Deasy sur LinkedIn, une communauté professionnelle d'un milliard de membres.",DEASY Louise neurologue,to_verify,Aucune suggestion déterministe ; recherche externe requise.,non_sure,55,non_sure,duckduckgo,Louise Deasy - Interne du Neurologie au CHU de Montpellier | LinkedIn,,,,,,,,1,nom concordant (2/2); profession neurologue détectée,pas_adresse_extraite;localite_absente;source_non_referencee
10109942424,DRAGHICI,Nicu-Catalin,L,liberal_sans_departement,,,,,,adresse_to_search,,,,,,ambigu,to_verify_external_search,https://www.mediculmeu.com/medic/Cluj/Draghici-Nicu-Catalin_27319.php,"Medicul Draghici Nicu Catalin - medic Medic Rezident in Neurologie din judetul Cluj cu datele: adresa, telefon, cabinet",DRAGHICI Nicu-Catalin neurologue,to_verify,Aucune suggestion déterministe ; recherche externe requise.,non_sure,35,non_sure,duckduckgo,Draghici Nicu Catalin doctor medic Medic Rezident in Neurologie din Cluj,,,,,,,,1,nom partiel (1/2); profession neurologue détectée,pas_adresse_extraite;localite_absente;score_faible;nom_partiel;source_non_referencee
10107081902,DUFOUR,Luc,L,liberal_sans_departement,,,,,,adresse_to_search,,,,,,ambigu,to_verify_external_search,https://supermedecin.fr/medecin/dufour-luc,"Dufour Luc, affecté(e) en Neurologie à Paris en 2021 (rang 677 ECN — 29/130 en Neurologie).",DUFOUR Luc neurologue,to_verify,Aucune suggestion déterministe ; recherche externe requise.,non_sure,55,non_sure,duckduckgo,"Dufour Luc — Neurologie (rang 677, 2021) · Supermédecin",,,,,,,,1,nom concordant (2/2); profession neurologue détectée,pas_adresse_extraite;localite_absente;source_non_referencee
10101655776,FOUCARD,Marine,L,liberal_sans_departement,,,,,,adresse_to_search,,,,,,ambigu,to_verify_external_search,https://monsuivimedical.fr/praticien/neurologue-marine-foucard,Fiche neurologue : Docteur FOUCARD Marine à (). Informations issues des données publiques RPPS.,FOUCARD Marine neurologue,to_verify,Aucune suggestion déterministe ; recherche externe requise.,non_sure,55,non_sure,duckduckgo,Docteur FOUCARD Marine — Neurologue à | MonSuiviMédical,,,,,,,,1,nom concordant (2/2); profession neurologue détectée,pas_adresse_extraite;localite_absente;annuaire_medical
10107088998,GALLI,Ophélie,L,liberal_sans_departement,,,,,,adresse_to_search,,,,,,ambigu,to_verify_external_search,https://www.doctolib.fr/neurologue/perigueux/paola-galli,"Prenez RDV en ligne avec Dr Paola GALLI: Neurologue, Conventionné secteur 2 avec OPTAM. Adresse : 26 Rue Paul Louis Courier, 24000 Périgueux.",GALLI Ophélie neurologue,to_verify,Aucune suggestion déterministe ; recherche externe requise.,non_sure,55,non_sure,duckduckgo,"Dr Paola GALLI, Neurologue à Périgueux : Prenez rendez ... - Doctolib",26 Rue Paul Louis Courier,24000,Périgueux,,,,,1,nom partiel (1/2); profession neurologue détectée; localité extraite du snippet; source officielle ou annuaire médical connu,pas_adresse_extraite;localite_absente;nom_partiel;annuaire_medical
10111637756,GALLO,Silvia,L,liberal_sans_departement,,,,,,adresse_to_search,,,,,,ambigu,to_verify_external_search,https://www.doctolib.it/neurologo/novara/silvia-gallo-novara,"Prenota un appuntamento con Silvia Gallo: Neurologo. Indirizzo: CORSO GIUSEPPE MAZZINI 18, 28100 NOVARA.",GALLO Silvia neurologue,to_verify,Aucune suggestion déterministe ; recherche externe requise.,non_sure,52,non_sure,duckduckgo,"Silvia Gallo, Neurologo a NOVARA - Doctolib",Prenota un appuntamento con Silvia Gallo: Neurologo. Indirizzo: CORSO GIUSEPPE MAZZINI 18,28100,NOVARA,,,,,3,nom concordant (2/2); localité extraite du snippet,pas_adresse_extraite;localite_absente;source_etrangere_ou_hors_france;source_non_referencee
10102171567,GAUTHIER,Léna,L,liberal_sans_departement,,,,,,adresse_to_search,,,,,,ambigu,to_verify_external_search,https://www.linkedin.com/pub/dir/Léna/Gauthier/fr-0-France,"View the profiles of professionals named ""Léna Gauthier"" on LinkedIn. There are 10+ professionals named ""Léna Gauthier"", who use LinkedIn to exchange information, ideas, and opportunities.",GAUTHIER Léna neurologue,to_verify,Aucune suggestion déterministe ; recherche externe requise.,non_sure,40,non_sure,duckduckgo,"10+ ""Léna Gauthier"" profiles | LinkedIn",,,,,,,,3,nom concordant (2/2),pas_adresse_extraite;localite_absente;score_faible;source_non_referencee
10101497831,GROSJEAN,Vincent,L,liberal_sans_departement,,,,,,adresse_to_search,,,,,,ambigu,to_verify_external_search,https://www.doctoome.com/s/neurologue/paris-10eme-75010/vincent-grosjean,"Dr Vincent GROSJEAN est neurologue. Il exerce dans son cabinet situé au 2 Rue Ambroise Paré à Paris, information sur la carte vitale non renseignée, parle français et information sur le secteur de conventionnement non renseignée.",GROSJEAN Vincent neurologue,to_verify,Aucune suggestion déterministe ; recherche externe requise.,non_sure,55,non_sure,duckduckgo,Dr Vincent GROSJEAN - Neurologue à Paris - Doctoome,,,,,,,,1,nom concordant (2/2); profession neurologue détectée,pas_adresse_extraite;localite_absente;source_non_referencee
10004927256,HANNA,GEORGES,L,liberal_sans_departement,,,,,,adresse_to_search,,,,,,ambigu,to_verify_external_search,https://www.medsynapse.app/doctors/dr-hanna-georges-69422,"Dr. Hanna Georges - Neurologist. Book online appointment, check email and contact number, years of experience, medical degrees, qualification and other hcps re",HANNA GEORGES neurologue,to_verify,Aucune suggestion déterministe ; recherche externe requise.,non_sure,40,non_sure,duckduckgo,"Dr. Hanna Georges, Neurologist - Book Appointment - MedSynapse",,,,,,,,1,nom concordant (2/2),pas_adresse_extraite;localite_absente;score_faible;source_non_referencee
10001395093,HUON,RENAUD,L,liberal_sans_departement,,,,,,adresse_to_search,,,,,,ambigu,to_verify_external_search,https://www.mablouseblanche.fr/pro/A10001395093/docteur-huon-renaud-neurologie,"Présentation : Neurologue Dr Renaud HUON (Neurologue) exerce son activité à 1 adresse : - , La neurologie est une spécialité médicale centrée sur l'étude et le traitement des pathologies et affections pouvant toucher le système nerveux central constitué du cerveau et de la moelle épinière ou le système nerveux périphérique constitué de racines et des nerfs.",HUON RENAUD neurologue,to_verify,Aucune suggestion déterministe ; recherche externe requise.,non_sure,55,non_sure,duckduckgo,"Prendre RDV : Dr Renaud HUON, Neurologue à - Mablouseblanche",,,,,,,,1,nom concordant (2/2); profession neurologue détectée,pas_adresse_extraite;localite_absente;annuaire_medical
10102234134,JACQUEMONT-FULNEAU,Thomas,L,liberal_sans_departement,,,,,,adresse_to_search,,,,,,ambigu,to_verify_external_search,https://www.youtube.com/watch?v=2UQryA25uT8,"Le Dr Thomas Jacquemont-Fulneau et la Pr Charlotte Rosso, neurologues et chercheurs à l'Institut du Cerveau, lui expliquent à quoi sert le sang dans le cerveau et ce qui arrive lorsqu'il n ...",JACQUEMONT-FULNEAU Thomas neurologue,to_verify,Aucune suggestion déterministe ; recherche externe requise.,non_sure,55,non_sure,duckduckgo,Spécial Halloween : est-ce qu'il y a du sang dans le cerveau ?,,,,,,,,4,nom concordant (2/2); profession neurologue détectée,pas_adresse_extraite;localite_absente;source_non_referencee
10101898046,LYON,Victoire,L,liberal_sans_departement,,,,,,adresse_to_search,,,,,,ambigu,to_verify_external_search,https://www.doctoome.com/s/neurologue/bordeaux-33000/victoire-lyon,"Dr Victoire LYON est neurologue. Elle exerce dans son cabinet situé au Place Amelie Raba Leon à Bordeaux, information sur la carte vitale non renseignée, parle français et information sur le secteur de conventionnement non renseignée. Le neurologue traite les pathologies neurologiques qui affectent le cerveau, la moelle épinière et les ...",LYON Victoire neurologue,to_verify,Aucune suggestion déterministe ; recherche externe requise.,non_sure,55,non_sure,duckduckgo,Dr Victoire LYON - Neurologue à Bordeaux - Doctoome,,,,,,,,1,nom concordant (2/2); profession neurologue détectée,pas_adresse_extraite;localite_absente;source_non_referencee
10110614673,MAKRYGIANNI,Maria,L,liberal_sans_departement,,,,,,adresse_to_search,,,,,,ambigu,to_verify_external_search,https://www.doctoome.com/s/neurologue/paris-13eme-75013/maria-makrygianni,"Dr Maria MAKRYGIANNI est neurologue. Elle exerce dans son cabinet situé au 47 Boulevard de l'Hopital à Paris, information sur la carte vitale non renseignée, parle français et information sur le secteur de conventionnement non renseignée.",MAKRYGIANNI Maria neurologue,to_verify,Aucune suggestion déterministe ; recherche externe requise.,non_sure,55,non_sure,duckduckgo,Dr Maria MAKRYGIANNI - Neurologue à Paris - Doctoome,,,,,,,,1,nom concordant (2/2); profession neurologue détectée,pas_adresse_extraite;localite_absente;source_non_referencee
10101890985,MALEK,Yannis,L,liberal_sans_departement,,,,,,adresse_to_search,,,,,,ambigu,to_verify_external_search,https://www.doctoome.com/s/neurologue/bron-69500/yannis-malek,"Dr Yannis MALEK est neurologue. Il exerce dans son cabinet situé au 59 Boulevard Pinel à Bron, information sur la carte vitale non renseignée, parle français et information sur le secteur de conventionnement non renseignée.",MALEK Yannis neurologue,to_verify,Aucune suggestion déterministe ; recherche externe requise.,non_sure,55,non_sure,duckduckgo,Dr Yannis MALEK - Neurologue à Bron - Doctoome,,,,,,,,1,nom concordant (2/2); profession neurologue détectée,pas_adresse_extraite;localite_absente;source_non_referencee
10102032652,MÉHAULT,Matthieu,L,liberal_sans_departement,,,,,,adresse_to_search,,,,,,ambigu,to_verify_external_search,https://www.doctolib.fr/neurologue/saint-martin-sur-le-pre/matthieu-mehault,"Prenez RDV avec Dr. Mehault Matthieu: Neurologue. Adresse : 16t Route de Louvois, 51520 Saint-Martin-sur-le-Pré.",MÉHAULT Matthieu neurologue,to_verify,Aucune suggestion déterministe ; recherche externe requise.,non_sure,55,non_sure,duckduckgo,"Dr. Mehault Matthieu, Neurologue à Saint-Martin-sur-le-Pré - Doctolib",16t Route de Louvois,51520,Saint-Martin-sur-le-Pré,,,,,1,nom partiel (1/2); profession neurologue détectée; localité extraite du snippet; source officielle ou annuaire médical connu,pas_adresse_extraite;localite_absente;nom_partiel;annuaire_medical
10100559730,NOT,Adeline,L,liberal_sans_departement,,,,,,adresse_to_search,,,,,,ambigu,to_verify_external_search,https://www.doctolib.fr/neurologue,Trouvez rapidement un neurologue près de chez vous ou un soignant proposant des actes de neurologie et prenez rendez-vous gratuitement en ligne en quelques clics,NOT Adeline neurologue,to_verify,Aucune suggestion déterministe ; recherche externe requise.,non_sure,23,non_sure,duckduckgo,Neurologue : Prenez rendez-vous en ligne | Doctolib,,,,,,,,1,score insuffisant pour valider automatiquement,pas_adresse_extraite;localite_absente;score_faible;annuaire_medical
10100714301,PETRISOR,STANISLAVA,L,liberal_sans_departement,,,,,,adresse_to_search,,,,,,ambigu,to_verify_external_search,https://www.mediculmeu.com/servicii-medicale/medici/neurologie/petrisor-stanislava.php,"Medicul PETRISOR Stanislava - medic Medic Specialist in Neurologie din judetul Cluj cu datele: adresa, telefon, cabinet",PETRISOR STANISLAVA neurologue,to_verify,Aucune suggestion déterministe ; recherche externe requise.,non_sure,55,non_sure,duckduckgo,Petrisor Stanislava doctor medic Medic Specialist in Neurologie din Cluj,,,,,,,,1,nom concordant (2/2); profession neurologue détectée,pas_adresse_extraite;localite_absente;source_non_referencee
10102204616,PFEIFFER,Chloé,L,liberal_sans_departement,,,,,,adresse_to_search,,,,,,ambigu,to_verify_external_search,https://www.doctoome.com/s/neurologue/clermont-ferrand-63000/chloe-pfeiffer,"Dr Chloé PFEIFFER est neurologue. Elle exerce dans son cabinet situé au 58 Rue Montalembert à Clermont-Ferrand, information sur la carte vitale non renseignée, parle français et information sur le secteur de conventionnement non renseignée.",PFEIFFER Chloé neurologue,to_verify,Aucune suggestion déterministe ; recherche externe requise.,non_sure,55,non_sure,duckduckgo,Dr Chloé PFEIFFER - Neurologue à Clermont-Ferrand - Doctoome,,,,,,,,1,nom concordant (2/2); profession neurologue détectée,pas_adresse_extraite;localite_absente;source_etrangere_ou_hors_france;source_non_referencee
10100897031,PIZZO,FRANCESCA,L,liberal_sans_departement,,,,,,adresse_to_search,,,,,,ambigu,to_verify_external_search,https://www.maiia.com/neurologue/13009-marseille--9e/pizzo-francesca,"Prenez RDV en ligne avec Dr FRANCESCA PIZZO, Neurologue au 300 Boulevard DE SAINTE MARGUERITE pour vous ou vos proches à son cabinet.",PIZZO FRANCESCA neurologue,to_verify,Aucune suggestion déterministe ; recherche externe requise.,non_sure,55,non_sure,duckduckgo,"Neurologue Dr FRANCESCA PIZZO à 13009, Marseille 9e - Maiia",,,,,,,,5,nom concordant (2/2); profession neurologue détectée,pas_adresse_extraite;localite_absente;source_non_referencee
10101395480,PÉLISSON,Mélodie,L,liberal_sans_departement,,,,,,adresse_to_search,,,,,,ambigu,to_verify_external_search,https://www.doctolib.fr/neurologue/montbonnot-saint-martin/melodie-pelisson,"Prenez RDV en ligne avec Dr Mélodie Pelisson: Neurologue. Adresse : 100 Rue Jean Monnet, 38330 Montbonnot-Saint-Martin.",PÉLISSON Mélodie neurologue,to_verify,Aucune suggestion déterministe ; recherche externe requise.,non_sure,55,non_sure,duckduckgo,"Dr Mélodie Pelisson, Neurologue à Montbonnot-Saint-Martin - Doctolib",100 Rue Jean Monnet,38330,Montbonnot-Saint-Martin,,,,,1,nom partiel (1/2); profession neurologue détectée; localité extraite du snippet; source officielle ou annuaire médical connu,pas_adresse_extraite;localite_absente;nom_partiel;annuaire_medical
10101623220,RASCLARD,Mathilde,L,liberal_sans_departement,,,,,,adresse_to_search,,,,,,ambigu,to_verify_external_search,https://www.chu-poitiers.fr/un-centre-pour-les-douleurs-chroniques/,"Une consultation dédiée aux céphalées est assurée en collaboration avec le Dr Mathilde Rasclard, neurologue. Une consultation en lien avec le service de neurochirurgie du rachis, chirurgie de la douleur et du handicap est organisée pour les patients susceptibles de bénéficier d'implantation de stimulateurs médullaires.",RASCLARD Mathilde neurologue,to_verify,Aucune suggestion déterministe ; recherche externe requise.,non_sure,55,non_sure,duckduckgo,Un centre pour les douleurs chroniques - Site du CHU de Poitiers,,,,,,,,3,nom concordant (2/2); profession neurologue détectée,pas_adresse_extraite;localite_absente;source_non_referencee
10100804276,SALA,Émilie,L,liberal_sans_departement,,,,,,adresse_to_search,,,,,,ambigu,to_verify_external_search,https://www.maiia.com/neurologue/38000-grenoble/sala-emilie,"Prenez RDV en ligne avec Dr Émilie SALA, Neurologue au 8 Rue DOCTEUR CALMETTE pour vous ou vos proches à son cabinet.",SALA Émilie neurologue,to_verify,Aucune suggestion déterministe ; recherche externe requise.,non_sure,55,non_sure,duckduckgo,"Neurologue Dr Émilie SALA à 38000, Grenoble - Maiia",,,,,,,,4,nom concordant (2/2); profession neurologue détectée,pas_adresse_extraite;localite_absente;source_non_referencee
10101916426,VENET,Mélany,L,liberal_sans_departement,,,,,,adresse_to_search,,,,,,ambigu,to_verify_external_search,https://monsuivimedical.fr/praticien/neurologue-melany-venet,Fiche neurologue : Docteur VENET Mélany à (). Informations issues des données publiques RPPS.,VENET Mélany neurologue,to_verify,Aucune suggestion déterministe ; recherche externe requise.,non_sure,55,non_sure,duckduckgo,Docteur VENET Mélany — Neurologue à | MonSuiviMédical,,,,,,,,1,nom concordant (2/2); profession neurologue détectée,pas_adresse_extraite;localite_absente;annuaire_medical
10100833101,ABDALLAH,Chifaou,S,salarie_sans_departement,,,,,,adresse_to_search,,,,,,ambigu,to_verify_external_search,https://supermedecin.fr/medecin/abdallah-chifaou,"Abdallah Chifaou, affecté(e) en Neurologie à Nancy en 2010 (rang 2219 ECN — 62/79 en Neurologie).",ABDALLAH Chifaou neurologue,to_verify,Aucune suggestion déterministe ; recherche externe requise.,non_sure,55,non_sure,duckduckgo,"Abdallah Chifaou — Neurologie (rang 2219, 2010) · Supermédecin",,,,,,,,4,nom concordant (2/2); profession neurologue détectée,pas_adresse_extraite;localite_absente;source_non_referencee
10107101783,AMAR,Valentin,S,salarie_sans_departement,,,,,,adresse_to_search,,,,,,ambigu,to_verify_external_search,https://supermedecin.fr/medecin/amar-valentin,"Amar Valentin, affecté(e) en Neurologie à Tours en 2021 (rang 3390 ECN — 99/130 en Neurologie).",AMAR Valentin neurologue,to_verify,Aucune suggestion déterministe ; recherche externe requise.,non_sure,55,non_sure,duckduckgo,"Amar Valentin — Neurologie (rang 3390, 2021) · Supermédecin",,,,,,,,1,nom concordant (2/2); profession neurologue détectée,pas_adresse_extraite;localite_absente;source_non_referencee
10001264182,BARTOLOMEO,PAOLO,S,salarie_sans_departement,,,,,,adresse_to_search,,,,,,ambigu,to_verify_external_search,https://institutducerveau.org/collaborateurs/bartolomeo-paolo,"Paolo Bartolomeo, titulaire d'un doctorat et d'une thèse, a suivi une formation de neurologue clinicien et de neuroscientifique. Son expertise est reconnue dans le domaine des neurosciences cognitives de l'expérience subjective et de la conscience.",BARTOLOMEO PAOLO neurologue,to_verify,Aucune suggestion déterministe ; recherche externe requise.,non_sure,55,non_sure,duckduckgo,BARTOLOMEO Paolo - Institut du Cerveau,,,,,,,,5,nom concordant (2/2); profession neurologue détectée,pas_adresse_extraite;localite_absente;source_non_referencee
10100093201,BOICU,Maria-Florentina,S,salarie_sans_departement,,,,,,adresse_to_search,,,,,,ambigu,to_verify_external_search,https://www.mablouseblanche.fr/pro/A10100093201/docteur-boicu-maria-florentina-neurologie-montelimar,"Prenez rendez-vous avec Dr Maria florentina BOICU, Neurologue à Montélimar en ligne. Adresse et Téléphone : Quartier BEAUSSERET 26216 Montélimar",BOICU Maria-Florentina neurologue,to_verify,Aucune suggestion déterministe ; recherche externe requise.,non_sure,47,non_sure,duckduckgo,"Prendre RDV : Dr Maria florentina BOICU, Neurologue à Montélimar",,26216,Montélimar,,,,,1,nom partiel (1/2); profession neurologue détectée; localité extraite du snippet,pas_adresse_extraite;localite_absente;score_faible;nom_partiel;annuaire_medical
10102226098,BOULLET,Mary,S,salarie_sans_departement,,,,,,adresse_to_search,,,,,,ambigu,to_verify_external_search,https://www.doctoome.com/s/neurologue/bordeaux-33000/mary-boullet,"Dr Mary BOULLET est neurologue. Elle exerce dans son cabinet situé au Place Amelie Raba Leon à Bordeaux, information sur la carte vitale non renseignée, parle français et information sur le secteur de conventionnement non renseignée.",BOULLET Mary neurologue,to_verify,Aucune suggestion déterministe ; recherche externe requise.,non_sure,55,non_sure,duckduckgo,Dr Mary BOULLET - Neurologue à Bordeaux - Doctoome,,,,,,,,1,nom concordant (2/2); profession neurologue détectée,pas_adresse_extraite;localite_absente;source_non_referencee
10102336699,CALONGE,Quentin,S,salarie_sans_departement,,,,,,adresse_to_search,,,,,,ambigu,to_verify_external_search,https://www.aphp.fr/dr-calonge-quentin,"Dr QUENTIN CALONGE exerce dans les services : Neurologie,Neurophysiologie",CALONGE Quentin neurologue,to_verify,Aucune suggestion déterministe ; recherche externe requise.,non_sure,55,non_sure,duckduckgo,Dr QUENTIN CALONGE NEUROLOGIE | APHP,,,,,,,,1,nom concordant (2/2); profession neurologue détectée,pas_adresse_extraite;localite_absente;source_non_referencee
10107126145,CAUDRON,Louise,S,salarie_sans_departement,,,,,,adresse_to_search,,,,,,ambigu,to_verify_external_search,https://www.chu-montpellier.fr/fr/a-propos-du-chu/offre-de-soins/medecins/louise-caudron-49482,Interne médecine (et FFI) Le remboursement du sémaglutide (Wegovy®) et du tirzépatide (Mounjaro®) entre en vigueur le 15 juin. Le service de Nutrition-Diabétologie accueille les personnes vivant avec une obésité dans le cadre d'un parcours global. En savoir plus Vous avez entendu parler de Mon Espace Santé mais ne savez pas comment y accéder ? Le CHU organise une journée dédiée à ...,CAUDRON Louise neurologue,to_verify,Aucune suggestion déterministe ; recherche externe requise.,non_sure,55,non_sure,duckduckgo,Docteur LOUISE CAUDRON - CHU de Montpellier,,,,,,,,1,nom concordant (2/2); profession neurologue détectée,pas_adresse_extraite;localite_absente;source_non_referencee
10107087040,CHAVY,Guillaume,S,salarie_sans_departement,,,,,,adresse_to_search,,,,,,ambigu,to_verify_external_search,https://supermedecin.fr/medecin/chavy-guillaume,"Chavy Guillaume, affecté(e) en Neurologie à Grenoble en 2021 (rang 650 ECN — 27/130 en Neurologie).",CHAVY Guillaume neurologue,to_verify,Aucune suggestion déterministe ; recherche externe requise.,non_sure,55,non_sure,duckduckgo,"Chavy Guillaume — Neurologie (rang 650, 2021) · Supermédecin",,,,,,,,1,nom concordant (2/2); profession neurologue détectée,pas_adresse_extraite;localite_absente;source_non_referencee
10101543758,COURTIN,Edouard,S,salarie_sans_departement,,,,,,adresse_to_search,,,,,,ambigu,to_verify_external_search,https://monsuivimedical.fr/praticien/neurologue-edouard-courtin,"neurologue à — Docteur COURTIN Edouard. Adresse, téléphone et praticiens similaires dans le .",COURTIN Edouard neurologue,to_verify,Aucune suggestion déterministe ; recherche externe requise.,non_sure,55,non_sure,duckduckgo,Docteur COURTIN Edouard — Neurologue à | MonSuiviMédical,,,,,,,,4,nom concordant (2/2); profession neurologue détectée,pas_adresse_extraite;localite_absente;annuaire_medical
10101631397,COUTURIER,Justine,S,salarie_sans_departement,,,,,,adresse_to_search,,,,,,ambigu,to_verify_external_search,https://supermedecin.fr/medecin/couturier-justine,"Couturier Justine, affecté(e) en Neurologie à Nantes en 2018 (rang 1170 ECN — 44/127 en Neurologie).",COUTURIER Justine neurologue,to_verify,Aucune suggestion déterministe ; recherche externe requise.,non_sure,55,non_sure,duckduckgo,"Couturier Justine — Neurologie (rang 1170, 2018) · Supermédecin",,,,,,,,2,nom concordant (2/2); profession neurologue détectée,pas_adresse_extraite;localite_absente;source_non_referencee
10102161485,DELSANTI,Romain,S,salarie_sans_departement,,,,,,adresse_to_search,,,,,,ambigu,to_verify_external_search,https://fr.linkedin.com/in/romain-delsanti-5501312a2,"Neurologue - Master 2 de neurosciences cognitives · Expérience : Hôpitaux Universitaires Pitié Salpêtrière - Charles Foix (APHP) · Formation : Sorbonne Université · Lieu : Paris · 187 relations sur LinkedIn. Consultez le profil de Romain Delsanti sur LinkedIn, une communauté professionnelle d'un milliard de membres.",DELSANTI Romain neurologue,to_verify,Aucune suggestion déterministe ; recherche externe requise.,non_sure,55,non_sure,duckduckgo,Romain Delsanti - Neurologue - Master 2 de neurosciences cognitives ...,,,,,,,,1,nom concordant (2/2); profession neurologue détectée,pas_adresse_extraite;localite_absente;source_non_referencee
10107117755,DUCASSE,Antoine,S,salarie_sans_departement,,,,,,adresse_to_search,,,,,,ambigu,to_verify_external_search,https://monsuivimedical.fr/praticien/neurologue-antoine-ducasse,Fiche neurologue : Docteur DUCASSE Antoine à (). Informations issues des données publiques RPPS.,DUCASSE Antoine neurologue,to_verify,Aucune suggestion déterministe ; recherche externe requise.,non_sure,55,non_sure,duckduckgo,Docteur DUCASSE Antoine — Neurologue à | MonSuiviMédical,,,,,,,,1,nom concordant (2/2); profession neurologue détectée,pas_adresse_extraite;localite_absente;annuaire_medical
10102182762,DURBANO,Kate,S,salarie_sans_departement,,,,,,adresse_to_search,,,,,,ambigu,to_verify_external_search,https://www.chu-montpellier.fr/fr/a-propos-du-chu/offre-de-soins/medecins/kate-durbano-49474,Médecin autres spécialités médicales Le remboursement du sémaglutide (Wegovy®) et du tirzépatide (Mounjaro®) entre en vigueur le 15 juin. Le service de Nutrition-Diabétologie accueille les personnes vivant avec une obésité dans le cadre d'un parcours global. En savoir plus Vous avez entendu parler de Mon Espace Santé mais ne savez pas comment y accéder ? Le CHU organise une ...,DURBANO Kate neurologue,to_verify,Aucune suggestion déterministe ; recherche externe requise.,non_sure,55,non_sure,duckduckgo,Docteur KATE DURBANO - CHU de Montpellier,,,,,,,,1,nom concordant (2/2); profession neurologue détectée,pas_adresse_extraite;localite_absente;source_non_referencee
10101225448,DUROZARD,Pierre,S,salarie_sans_departement,,,,,,adresse_to_search,,,,,,ambigu,to_verify_external_search,https://monsuivimedical.fr/praticien/neurologue-pierre-durozard,"neurologue à — Docteur DUROZARD Pierre. Adresse, téléphone et praticiens similaires dans le .",DUROZARD Pierre neurologue,to_verify,Aucune suggestion déterministe ; recherche externe requise.,non_sure,55,non_sure,duckduckgo,Docteur DUROZARD Pierre — Neurologue à | MonSuiviMédical,,,,,,,,2,nom concordant (2/2); profession neurologue détectée,pas_adresse_extraite;localite_absente;annuaire_medical
10101227832,EGRI,MADALINA,S,salarie_sans_departement,,,,,,adresse_to_search,,,,,,ambigu,to_verify_external_search,https://www.mablouseblanche.fr/pro/A10101227832/docteur-egri-madalina-neurologie,"Prenez rendez-vous avec Dr Madalina EGRI, Neurologue à en ligne. Adresse et Téléphone : ---",EGRI MADALINA neurologue,to_verify,Aucune suggestion déterministe ; recherche externe requise.,non_sure,55,non_sure,duckduckgo,"Prendre RDV : Dr Madalina EGRI, Neurologue à - Mablouseblanche",,,,,,,,2,nom concordant (2/2); profession neurologue détectée,pas_adresse_extraite;localite_absente;annuaire_medical
10107105743,EL MIMOUNI,Sami,S,salarie_sans_departement,,,,,,adresse_to_search,,,,,,ambigu,to_verify_external_search,https://supermedecin.fr/medecin/el-mimouni-sami,"El Mimouni Sami, affecté(e) en Neurologie à Grenoble en 2021 (rang 981 ECN — 32/130 en Neurologie).",EL MIMOUNI Sami neurologue,to_verify,Aucune suggestion déterministe ; recherche externe requise.,non_sure,55,non_sure,duckduckgo,"El Mimouni Sami — Neurologie (rang 981, 2021) · Supermédecin",,,,,,,,2,nom concordant (3/3); profession neurologue détectée,pas_adresse_extraite;localite_absente;source_non_referencee
10101916152,FORMOSO,Aude,S,salarie_sans_departement,,,,,,adresse_to_search,,,,,,ambigu,to_verify_external_search,https://www.chu-montpellier.fr/fr/a-propos-du-chu/offre-de-soins/medecins/aude-formoso-48918,Médecin autres spécialités médicales Le remboursement du sémaglutide (Wegovy®) et du tirzépatide (Mounjaro®) entre en vigueur le 15 juin. Le service de Nutrition-Diabétologie accueille les personnes vivant avec une obésité dans le cadre d'un parcours global. En savoir plus Vous avez entendu parler de Mon Espace Santé mais ne savez pas comment y accéder ? Le CHU organise une ...,FORMOSO Aude neurologue,to_verify,Aucune suggestion déterministe ; recherche externe requise.,non_sure,55,non_sure,duckduckgo,Docteur AUDE FORMOSO - CHU de Montpellier,,,,,,,,1,nom concordant (2/2); profession neurologue détectée,pas_adresse_extraite;localite_absente;source_non_referencee
10101500048,GUINES,Kim,S,salarie_sans_departement,,,,,,adresse_to_search,,,,,,ambigu,to_verify_external_search,https://supermedecin.fr/medecin/guines-kim,"Guines Kim, affecté(e) en Neurologie à Toulouse en 2017 (rang 935 ECN — 44/121 en Neurologie).",GUINES Kim neurologue,to_verify,Aucune suggestion déterministe ; recherche externe requise.,non_sure,55,non_sure,duckduckgo,"Guines Kim — Neurologie (rang 935, 2017) · Supermédecin",,,,,,,,1,nom concordant (2/2); profession neurologue détectée,pas_adresse_extraite;localite_absente;source_non_referencee
10102213450,GUÉRÉMY,Alexandre,S,salarie_sans_departement,,,,,,adresse_to_search,,,,,,ambigu,to_verify_external_search,https://www.mablouseblanche.fr/pro/A10102273967/docteur-gueremy-alexandre-neurologie-poitiers,"Prenez rendez-vous avec Dr Alexandre GUEREMY, Neurologue à Poitiers en ligne. Adresse et Téléphone : 2 Rue DE LA MILETRIE 86021 Poitiers",GUÉRÉMY Alexandre neurologue,to_verify,Aucune suggestion déterministe ; recherche externe requise.,non_sure,47,non_sure,duckduckgo,"Prendre RDV : Dr Alexandre GUEREMY, Neurologue à Poitiers",2 Rue DE LA MILETRIE,86021,Poitiers,,,,,1,nom partiel (1/2); profession neurologue détectée; localité extraite du snippet,pas_adresse_extraite;localite_absente;score_faible;nom_partiel;annuaire_medical
10101618550,JEANTIN,Lina,S,salarie_sans_departement,,,,,,adresse_to_search,,,,,,ambigu,to_verify_external_search,https://www.aphp.fr/dr-jeantin-lina,"Faire un don La Fondation de l'AP-HP est une fondation hospitalière qui agit en lien direct avec les équipes de l'AP-HP, son unique fondateur. Un modèle innovant qui permet de soutenir l'organisation des soins, le confort et la prise en charge du patient, le personnel hospitalier, l'innovation et la recherche au sein des 38 hôpitaux qui composent l'AP-HP.",JEANTIN Lina neurologue,to_verify,Aucune suggestion déterministe ; recherche externe requise.,non_sure,55,non_sure,duckduckgo,Dr LINA JEANTIN NEUROLOGIE | APHP,,,,,,,,1,nom concordant (2/2); profession neurologue détectée,pas_adresse_extraite;localite_absente;source_non_referencee
10101481272,LANORE,Aymeric,S,salarie_sans_departement,,,,,,adresse_to_search,,,,,,ambigu,to_verify_external_search,https://www.frm.org/fr/actualites/portrait-aymeric-lanore,"Neurologue, pharmacologue et éditeur d'un journal : à 31 ans, Aymeric Lanore possède de multiples casquettes. Il étudie les causes génétiques de la maladie de Parkinson.",LANORE Aymeric neurologue,to_verify,Aucune suggestion déterministe ; recherche externe requise.,non_sure,55,non_sure,duckduckgo,Portrait de chercheur : Aymeric Lanore | Fondation pour la Recherche ...,,,,,,,,1,nom concordant (2/2); profession neurologue détectée,pas_adresse_extraite;localite_absente;source_non_referencee
10107106840,LAVAL,Aude,S,salarie_sans_departement,,,,,,adresse_to_search,,,,,,ambigu,to_verify_external_search,https://www.doctolib.fr/neurologue/laval/philippe-cormier,"Prenez RDV en ligne avec Dr Philippe Cormier: Neurologue, Conventionné secteur 1. Adresse : 4 Avenue des Français Libres, 53000 Laval.",LAVAL Aude neurologue,to_verify,Aucune suggestion déterministe ; recherche externe requise.,non_sure,55,non_sure,duckduckgo,"Dr Philippe Cormier, Neurologue à Laval : Prenez rendez ... - Doctolib",4 Avenue des Français Libres,53000,Laval,,,,,3,nom partiel (1/2); profession neurologue détectée; localité extraite du snippet; source officielle ou annuaire médical connu,pas_adresse_extraite;localite_absente;nom_partiel;annuaire_medical
10102183505,LEVERT,Jade-Marie,S,salarie_sans_departement,,,,,,adresse_to_search,,,,,,ambigu,to_verify_external_search,https://monsuivimedical.fr/praticien/neurologue-jade-marie-levert,Fiche neurologue : Docteur LEVERT Jade-Marie à (). Informations issues des données publiques RPPS.,LEVERT Jade-Marie neurologue,to_verify,Aucune suggestion déterministe ; recherche externe requise.,non_sure,55,non_sure,duckduckgo,Docteur LEVERT Jade-Marie — Neurologue à | MonSuiviMédical,,,,,,,,3,nom concordant (2/2); profession neurologue détectée,pas_adresse_extraite;localite_absente;annuaire_medical
10102197042,LOPEZ,Marylou,S,salarie_sans_departement,,,,,,adresse_to_search,,,,,,ambigu,to_verify_external_search,http://petille.univ-poitiers.fr/notice/view/69684,Thèse d'exercice Lopez Marylou Facteurs prédictifs du vasospasme et de l'ischémie cérébrale retardée post-hémorragie méningée anévrismale : Étude rétrospective monocentrique réalisée en neuro-réanimation du centre hospitalo-universitaire de Poitiers entre le 01/05/2021 et le 31/08/23 Français,LOPEZ Marylou neurologue,to_verify,Aucune suggestion déterministe ; recherche externe requise.,non_sure,40,non_sure,duckduckgo,Marylou Lopez - Facteurs prédictifs du vasospasme et de l'ischémie ...,,,,,,,,1,nom concordant (2/2),pas_adresse_extraite;localite_absente;score_faible;source_non_referencee
10107435900,MESSIMERIS,Despina,S,salarie_sans_departement,,,,,,adresse_to_search,,,,,,ambigu,to_verify_external_search,https://www.aphp.fr/dr-messimeris-despina,Dr DESPINA MESSIMERIS exerce dans les services : Neurologie,MESSIMERIS Despina neurologue,to_verify,Aucune suggestion déterministe ; recherche externe requise.,non_sure,55,non_sure,duckduckgo,Dr DESPINA MESSIMERIS - APHP,,,,,,,,1,nom concordant (2/2); profession neurologue détectée,pas_adresse_extraite;localite_absente;source_non_referencee
10100316263,MUNTEANU BARBIER,Roxana-Oana,S,salarie_sans_departement,,,,,,adresse_to_search,,,,,,ambigu,to_verify_external_search,https://www.maquestionmedicale.fr/med-rdv/specialites/neurologie/inconnue/docteur-roxana-oana-munteanu-barbier.htm,"Important En cas d'urgence vitale, contactez le 15 ou rendez-vous aux urgences les plus proches. Sans médecin traitant, ou pour certaines situations (enfant, urgence non vitale), vous pouvez réaliser une téléconsultation via le bouton ci-dessous.",MUNTEANU BARBIER Roxana-Oana neurologue,to_verify,Aucune suggestion déterministe ; recherche externe requise.,non_sure,40,non_sure,duckduckgo,Roxana-Oana MUNTEANU BARBIER - Médecin : medrdv med-rdv annuaire Médecin,,,,,,,,1,nom concordant (3/3),pas_adresse_extraite;localite_absente;score_faible;source_non_referencee
10100410512,PERISSE,Jérémie,S,salarie_sans_departement,,,,,,adresse_to_search,,,,,,ambigu,to_verify_external_search,https://www.ch-centre-bretagne.fr/annuaire-des-services/neurologie/,"Dr Jérémie PERISSE, PH Contractuel Dr Yasmine BIDOUCHE, Praticien Associé Équipe pluridisciplinaire Lors de votre hospitalisation dans le service, vous serez pris en charge par une équipe composée d'infirmier (e)s, d'aides-soignantes, d'agents de services hospitaliers afin de vous garantir des soins de qualité.",PERISSE Jérémie neurologue,to_verify,Aucune suggestion déterministe ; recherche externe requise.,non_sure,55,non_sure,duckduckgo,Neurologie - Centre Hospitalier du Centre Bretagne,,,,,,,,5,nom concordant (2/2); profession neurologue détectée,pas_adresse_extraite;localite_absente;source_non_referencee
10108459834,PINHEIRO BARBOSA,Raquel,S,salarie_sans_departement,,,,,,adresse_to_search,,,,,,ambigu,to_verify_external_search,https://www.chu-toulouse.fr/dr-pinheiro-barbosa-ana-raquel,Dr Pinheiro-Barbosa Raquel Mis à jour le 15 mai 2025 à 14 h 21 Neurologue Service de rattachement : Neurologie,PINHEIRO BARBOSA Raquel neurologue,to_verify,Aucune suggestion déterministe ; recherche externe requise.,non_sure,55,non_sure,duckduckgo,"Dr Pinheiro-Barbosa Raquel, Neurologue - Centre hospitalier ...",,,,,,,,1,nom concordant (3/3); profession neurologue détectée,pas_adresse_extraite;localite_absente;source_non_referencee
10101487188,RACHIDI,Inès,S,salarie_sans_departement,,,,,,adresse_to_search,,,,,,ambigu,to_verify_external_search,https://fr.linkedin.com/in/inès-rachidi-b77452228,"Neurologue, M.D. · Expérience : Hospices Civils de Lyon - HCL · Formation : Université Grenoble Alpes · Lieu : Grenoble · 163 relations sur LinkedIn. Consultez le profil de Inès RACHIDI sur LinkedIn, une communauté professionnelle d'un milliard de membres.",RACHIDI Inès neurologue,to_verify,Aucune suggestion déterministe ; recherche externe requise.,non_sure,55,non_sure,duckduckgo,"Inès RACHIDI - Neurologue, M.D. | LinkedIn",,,,,,,,1,nom concordant (2/2); profession neurologue détectée,pas_adresse_extraite;localite_absente;source_non_referencee
10107122896,RAME,Edwige,S,salarie_sans_departement,,,,,,adresse_to_search,,,,,,ambigu,to_verify_external_search,https://www.chu-montpellier.fr/fr/a-propos-du-chu/offre-de-soins/medecins/edwige-rame-49286,PRATICIEN Médicaments contre l'obésité Le remboursement du sémaglutide (Wegovy®) et du tirzépatide (Mounjaro®) entre en vigueur le 15 juin. Le service de Nutrition-Diabétologie accueille les personnes vivant avec une obésité dans le cadre d'un parcours global. En savoir plus,RAME Edwige neurologue,to_verify,Aucune suggestion déterministe ; recherche externe requise.,non_sure,55,non_sure,duckduckgo,Docteur EDWIGE RAME - CHU de Montpellier,,,,,,,,1,nom concordant (2/2); profession neurologue détectée,pas_adresse_extraite;localite_absente;source_non_referencee
10102018297,SANGARE,AUDE,S,salarie_sans_departement,,,,,,adresse_to_search,,,,,,ambigu,to_verify_external_search,https://www.aphp.fr/dr-sangare-aude,Dr AUDE SANGARE exerce dans les services : Neurophysiologie,SANGARE AUDE neurologue,to_verify,Aucune suggestion déterministe ; recherche externe requise.,non_sure,55,non_sure,duckduckgo,Dr AUDE SANGARE NEUROLOGIE | APHP,,,,,,,,1,nom concordant (2/2); profession neurologue détectée,pas_adresse_extraite;localite_absente;source_non_referencee
10101652948,SERMET,Lauriane,S,salarie_sans_departement,,,,,,adresse_to_search,,,,,,ambigu,to_verify_external_search,https://supermedecin.fr/medecin/sermet-lauriane,"Sermet Lauriane, affecté(e) en Neurologie à Lille en 2018 (rang 1759 ECN — 59/127 en Neurologie).",SERMET Lauriane neurologue,to_verify,Aucune suggestion déterministe ; recherche externe requise.,non_sure,55,non_sure,duckduckgo,"Sermet Lauriane — Neurologie (rang 1759, 2018) · Supermédecin",,,,,,,,1,nom concordant (2/2); profession neurologue détectée,pas_adresse_extraite;localite_absente;source_non_referencee
10101849460,TURPINAT,CEDRIC,S,salarie_sans_departement,,,,,,adresse_to_search,,,,,,ambigu,to_verify_external_search,https://www.chu-montpellier.fr/fr/a-propos-du-chu/offre-de-soins/medecins/cedric-turpinat-49401,PUPH Le remboursement du sémaglutide (Wegovy®) et du tirzépatide (Mounjaro®) entre en vigueur le 15 juin. Le service de Nutrition-Diabétologie accueille les personnes vivant avec une obésité dans le cadre d'un parcours global. En savoir plus Vous avez entendu parler de Mon Espace Santé mais ne savez pas comment y accéder ? Le CHU organise une journée dédiée à Mon Espace Santé ...,TURPINAT CEDRIC neurologue,to_verify,Aucune suggestion déterministe ; recherche externe requise.,non_sure,55,non_sure,duckduckgo,Docteur CEDRIC TURPINAT - CHU de Montpellier,,,,,,,,1,nom concordant (2/2); profession neurologue détectée,pas_adresse_extraite;localite_absente;source_non_referencee
10102178299,VALMARY,Stella,S,salarie_sans_departement,,,,,,adresse_to_search,,,,,,ambigu,to_verify_external_search,https://www.chu-montpellier.fr/fr/a-propos-du-chu/offre-de-soins/medecins/stella-valmary-49479,DOCTEUR Le remboursement du sémaglutide (Wegovy®) et du tirzépatide (Mounjaro®) entre en vigueur le 15 juin. Le service de Nutrition-Diabétologie accueille les personnes vivant avec une obésité dans le cadre d'un parcours global. En savoir plus Vous avez entendu parler de Mon Espace Santé mais ne savez pas comment y accéder ? Le CHU organise une journée dédiée à Mon Espace Santé ...,VALMARY Stella neurologue,to_verify,Aucune suggestion déterministe ; recherche externe requise.,non_sure,55,non_sure,duckduckgo,Docteur STELLA VALMARY - CHU de Montpellier,,,,,,,,1,nom concordant (2/2); profession neurologue détectée,pas_adresse_extraite;localite_absente;source_non_referencee
10100675429,VIALATTE,ANNE-LAURE,S,salarie_sans_departement,,,,,,adresse_to_search,,,,,,ambigu,to_verify_external_search,https://www.mablouseblanche.fr/pro/A10100675429/docteur-vialatte-anne-laure-neurologie,"Présentation : Neurologue Dr Anne-laure VIALATTE (Neurologue) exerce son activité à 1 adresse : - , La neurologie est une spécialité médicale centrée sur l'étude et le traitement des pathologies et affections pouvant toucher le système nerveux central constitué du cerveau et de la moelle épinière ou le système nerveux périphérique constitué de racines et des nerfs.",VIALATTE ANNE-LAURE neurologue,to_verify,Aucune suggestion déterministe ; recherche externe requise.,non_sure,55,non_sure,duckduckgo,"PRENEZ RDV : Dr Anne-laure VIALATTE, Neurologue à",,,,,,,,1,nom concordant (2/2); profession neurologue détectée,pas_adresse_extraite;localite_absente;annuaire_medical
10000039338,LANDAIS-VALERE,ANNE,S,salarie_adresse_vide_departement_present,,97139,Les Abymes,971,GP,adresse_to_search,,,,,,ambigu,to_verify_external_search,https://www.logicrdv.fr/neurologue/97139-les-abymes.html,Trouvez votre Neurologue à LES ABYMES 97139 - Prenez un Rendez-Vous en Ligne Rapidement et Gratuitement avec LogicRdv - Les meilleurs Neurologue près de Chez Vous - Prise de RDV 24h/24,LANDAIS-VALERE ANNE neurologue Les Abymes 971,to_verify,Aucune suggestion déterministe ; recherche externe requise.,non_sure,45,non_sure,duckduckgo,Neurologue LES ABYMES 97139 - RDV en Ligne | LogicRdv,Trouvez votre Neurologue à LES ABYMES,97139,Gratuitement LogicRdv -,,,,,4,profession neurologue détectée; commune dans snippet; code postal dans snippet; localité extraite du snippet,pas_adresse_extraite;localite_absente;score_faible;source_non_referencee
